epoch,lr,loss,fire_loss,other_loss,effective_rollout_steps,teacher_forcing_ratio,prob_mae_mean,best_iou_mean,spread_iou_at_best,dice_at_best,recall_at_best,mpd_at_best,save_thr,ious_by_thr
4,0.0003,2.4939971446990965,1.1879438638687134,0.2632375627756119,1,0.9714285714285714,0.4041643410156935,0.8284968039975191,0.33565134286744386,0.8906159480555794,0.8711131759413644,1.2886414919126827,0.6,"{0.2: 0.1320378760851454, 0.3: 0.1320333413050273, 0.4: 0.1685817065067389, 0.5: 0.7286073411991698, 0.6: 0.8284968039975191, 0.7: 0.7246606986457673, 0.8: 0.37670956237355124}"
9,0.0002954445583636515,1.873325729370117,0.8865704894065857,0.24309003949165345,1,0.9357142857142857,0.32169141524877304,0.8800554057927726,0.431179079912137,0.9275753847177293,0.9368879500401105,0.7760527033874843,0.6,"{0.2: 0.13204585247706835, 0.3: 0.14414324190800895, 0.4: 0.533106962515705, 0.5: 0.8345783023185643, 0.6: 0.8800554057927726, 0.7: 0.8544545856565989, 0.8: 0.7842073690791971}"
14,0.0002774275491977922,1.5817407369613647,0.7073123216629028,0.22823118269443513,1,0.9,0.3115267302745428,0.8835288197232442,0.44021210028667,0.9302000966072995,0.9431520727466036,0.7538599711583697,0.6,"{0.2: 0.13205120143651447, 0.3: 0.1603502657662215, 0.4: 0.5719596723978817, 0.5: 0.8399329981730768, 0.6: 0.8835288197232442, 0.7: 0.8601237922597141, 0.8: 0.7967946501815373}"
19,0.00024742647851355997,1.4837785482406616,0.6446608662605285,0.21457085907459258,1,0.8642857142857143,0.29292073158117443,0.8882253069278631,0.45541327175986523,0.9334410982161031,0.9538562252016265,0.7177267357739573,0.6,"{0.2: 0.13206936199130745, 0.3: 0.22351836766995356, 0.4: 0.6467591825143514, 0.5: 0.8479545169083914, 0.6: 0.8882253069278631, 0.7: 0.8715029552397764, 0.8: 0.8189634173254218}"
24,0.0002083780601392783,2.7450422763824465,1.211614441871643,0.3838796138763428,2,0.8285714285714285,0.272516110768685,0.8921268858060611,0.47088465036726335,0.935609516006036,0.9578888530458625,0.6863208417097815,0.6,"{0.2: 0.1320945552057679, 0.3: 0.3389048759761413, 0.4: 0.7184235205227305, 0.5: 0.8581016479035796, 0.6: 0.8921268858060611, 0.7: 0.8822452390738187, 0.8: 0.8384242634183857}"
29,0.00016410462533175042,2.624120664596558,1.1564695835113525,0.35227553844451903,2,0.7928571428571429,0.2529091865588457,0.8974737388943984,0.4914107898455407,0.9386670283626339,0.9610352757405343,0.6456173719678902,0.6,"{0.2: 0.13237055577411277, 0.3: 0.4446580368095502, 0.4: 0.7744044313262884, 0.5: 0.8690549510446421, 0.6: 0.8974737388943984, 0.7: 0.8895954137101929, 0.8: 0.8522592506122169}"
34,0.00011893996636109602,2.5440295696258546,1.1279131650924683,0.33440542221069336,2,0.7571428571428571,0.23406201983109498,0.9011545147165797,0.5087634720112941,0.9405261051387936,0.9628184936922773,0.6151406518979297,0.6,"{0.2: 0.1350536851350593, 0.3: 0.5286135996254356, 0.4: 0.8130367718900565, 0.5: 0.8784195091158847, 0.6: 0.9011545147165797, 0.7: 0.8953189284819536, 0.8: 0.8643803738578715}"
39,7.730511472804544e-05,2.521445655822754,1.1185816049575805,0.32020953893661497,2,0.7214285714285714,0.21658545961746803,0.9053142910685639,0.5245477212107472,0.9425938718490011,0.964793743515408,0.5834986282835392,0.6,"{0.2: 0.14986746652709354, 0.3: 0.5975671731698643, 0.4: 0.8359130112368922, 0.5: 0.8876304064495227, 0.6: 0.9053142910685639, 0.7: 0.9003168073721068, 0.8: 0.8751606806370364}"
44,4.327557979751057e-05,3.5325000286102295,1.5763066768646241,0.4363474309444427,3,0.6857142857142857,0.2003947213674203,0.9094714185397473,0.5467145004823558,0.9445766837999084,0.9658573302061902,0.551996676481144,0.6,"{0.2: 0.20429159965455723, 0.3: 0.6580022568757601, 0.4: 0.8557919742092972, 0.5: 0.8946327681861854, 0.6: 0.9094714185397473, 0.7: 0.9043643945902287, 0.8: 0.8834960335756412}"
49,2.0182409546203555e-05,3.5394707679748536,1.5728137969970704,0.4376519501209259,3,0.65,0.18597390254338583,0.9133137206623391,0.5654151742487316,0.9465619679695612,0.9664598032090864,0.5230847238582828,0.6,"{0.2: 0.3175887942239771, 0.3: 0.7204690534735985, 0.4: 0.8708473679256823, 0.5: 0.9009929190724415, 0.6: 0.9133137206623391, 0.7: 0.9072419132702885, 0.8: 0.8907915963478865}"
54,1.0286124377900624e-05,3.5246415615081785,1.5720728158950805,0.43518477082252505,3,0.6142857142857143,0.17323453686176202,0.9158993831224316,0.5814946725753682,0.9476925937303173,0.9665062615591004,0.5062805525493843,0.6,"{0.2: 0.442112896820431, 0.3: 0.7878067568096989, 0.4: 0.8820481983478675, 0.5: 0.9053639244360939, 0.6: 0.9158993831224316, 0.7: 0.9107343592045422, 0.8: 0.8950613480981627}"
59,0.0002954445583636515,3.530298948287964,1.589360761642456,0.40800936222076417,3,0.5785714285714285,0.1619403866621164,0.9182768561238944,0.5982847468582921,0.9487263034146196,0.9664143286460573,0.4870155008102772,0.6,"{0.2: 0.5231143548846716, 0.3: 0.8334569385149928, 0.4: 0.8909490913603355, 0.5: 0.9094290819804487, 0.6: 0.9182768561238944, 0.7: 0.9142316526533173, 0.8: 0.8995572556415612}"
64,0.0002774275491977922,4.374220752716065,1.957865262031555,0.5170403480529785,4,0.5428571428571429,0.1515299528837204,0.9210004525246694,0.6117468227652305,0.9500982307763576,0.9669408352339891,0.4668905657490284,0.6,"{0.2: 0.5912831284495957, 0.3: 0.8576392231756447, 0.4: 0.8983642616034988, 0.5: 0.9129351681550835, 0.6: 0.9210004525246694, 0.7: 0.916866707355976, 0.8: 0.9033053910484256}"
69,0.00024742647851355997,4.3000823020935055,1.9456269025802613,0.4672504425048828,4,0.5071428571428571,0.14232685856330088,0.9225725712500823,0.6217204132961405,0.9508534350893169,0.9673681397115379,0.4529947930505571,0.6,"{0.2: 0.6463395686505041, 0.3: 0.8723585204286436, 0.4: 0.903426227896661, 0.5: 0.9156836804476715, 0.6: 0.9225725712500823, 0.7: 0.9206057174911582, 0.8: 0.907713750213345}"
74,0.0002083780601392783,4.242132997512817,1.9182483911514283,0.4511372625827789,4,0.4714285714285714,0.13411292261802232,0.9249188512374934,0.6319710426119194,0.9522570458201844,0.9679794607254311,0.4367474455901409,0.6,"{0.2: 0.688330332775658, 0.3: 0.8835339343534324, 0.4: 0.9088060957624594, 0.5: 0.9187399829588444, 0.6: 0.9249188512374934, 0.7: 0.9227469365560099, 0.8: 0.9119156199173807}"
79,0.00016410462533175042,4.31467113494873,1.9542977571487428,0.46420125365257264,4,0.4357142857142857,0.12699192666854614,0.9271458765738646,0.6423745135629002,0.9534756656275283,0.9687332106835953,0.4200898087831115,0.6,"{0.2: 0.7235195667817472, 0.3: 0.8929514104291696, 0.4: 0.912258145424808, 0.5: 0.9221703865782879, 0.6: 0.9271458765738646, 0.7: 0.9253927985311251, 0.8: 0.9150448637896815}"
84,0.00011893996636109602,4.225943088531494,1.9196109294891357,0.4369042873382568,4,0.4,0.12092882375686596,0.9290890736691381,0.6532553935620549,0.9546058972414682,0.9698963597410444,0.40785819498894293,0.6,"{0.2: 0.7589190965713035, 0.3: 0.8995365433305181, 0.4: 0.9161779567748781, 0.5: 0.9247623940735615, 0.6: 0.9290890736691381, 0.7: 0.9269169825883327, 0.8: 0.9188391406650499}"
89,7.730511472804544e-05,4.243942832946777,1.9217057943344116,0.4453739643096924,4,0.3642857142857143,0.11571035400415078,0.9305987328435769,0.6603819053713575,0.9555209186105472,0.9702737844942041,0.3995955154526044,0.6,"{0.2: 0.8036632356998487, 0.3: 0.9051160222352167, 0.4: 0.9200188507960956, 0.5: 0.9272890539048328, 0.6: 0.9305987328435769, 0.7: 0.9286547250605267, 0.8: 0.921227961577759}"
94,4.327557979751057e-05,4.199790096282959,1.9047274589538574,0.44034187197685243,4,0.3285714285714286,0.1112986331184705,0.9322283443943653,0.6675040372597822,0.9566238955679487,0.9712932207904847,0.388644160562997,0.6,"{0.2: 0.8431872114411385, 0.3: 0.9096335620621625, 0.4: 0.9228200305285824, 0.5: 0.9289759557033457, 0.6: 0.9322283443943653, 0.7: 0.9305350133842604, 0.8: 0.9230754826437186}"
99,2.0182409546203555e-05,4.194631099700928,1.9074486255645753,0.4229551017284393,4,0.2928571428571428,0.10756546946672293,0.9333098640940531,0.6710853599065604,0.9574239790906867,0.9717697894194058,0.37978070352734594,0.6,"{0.2: 0.8723127809032624, 0.3: 0.9134337615742582, 0.4: 0.9252563232493373, 0.5: 0.9307244986127363, 0.6: 0.9333098640940531, 0.7: 0.9316446696718026, 0.8: 0.9241959181276663}"
104,1.0286124377900624e-05,4.158906602859497,1.8938458681106567,0.4149709403514862,4,0.2571428571428571,0.10442725893778679,0.9346283018535835,0.6772164008238027,0.9582485024610531,0.9721196508766635,0.37204906397123594,0.6,"{0.2: 0.8844937051844539, 0.3: 0.9170347251114708, 0.4: 0.9270904078132032, 0.5: 0.932382817711524, 0.6: 0.9346283018535835, 0.7: 0.9325554028543394, 0.8: 0.926315108787326}"
109,0.0002954445583636515,4.282904052734375,1.9622403860092164,0.43615238070487977,4,0.22142857142857153,0.10167016719396298,0.9360462074153103,0.6886242743424373,0.9590562755670617,0.9729513908057393,0.36163482754597903,0.6,"{0.2: 0.8923051985083936, 0.3: 0.9201387570359872, 0.4: 0.9291621278854763, 0.5: 0.9346501670818669, 0.6: 0.9360462074153103, 0.7: 0.9345404799842506, 0.8: 0.9285975129990499}"
114,0.0002774275491977922,4.21478853225708,1.9282912969589234,0.4115116477012634,4,0.18571428571428572,0.09934225621131751,0.9373515783052676,0.6937914953943377,0.9598820991906754,0.973051237397153,0.3522782790424804,0.6,"{0.2: 0.8977362866432969, 0.3: 0.9230753901169079, 0.4: 0.9310961332586626, 0.5: 0.9365708217620585, 0.6: 0.9373515783052676, 0.7: 0.9355756195287691, 0.8: 0.9300359268582434}"
119,0.00024742647851355997,4.201768207550049,1.9272702932357788,0.41537761092185976,4,0.15000000000000002,0.09719390517626053,0.939062820389062,0.699686770509727,0.9610864216784757,0.973408769424501,0.33973934568796094,0.6,"{0.2: 0.902049931575182, 0.3: 0.9253924926892972, 0.4: 0.9332528312702194, 0.5: 0.9380389846223767, 0.6: 0.939062820389062, 0.7: 0.9366742187732942, 0.8: 0.9312642830099056}"
4,0.0003,2.493919324874878,1.187881588935852,0.2632320404052734,1,0.9714285714285714,0.4041645328203837,0.8285478504420087,0.335511917464281,0.890679676296923,0.8711975382721915,1.289089001270244,0.6,"{0.2: 0.1320378760851454, 0.3: 0.1320333413050273, 0.4: 0.16856184159268736, 0.5: 0.7286277603999473, 0.6: 0.8285478504420087, 0.7: 0.7247003309962291, 0.8: 0.377025004185123}"
9,0.0002954445583636515,1.873316764831543,0.8865508079528809,0.2430839866399765,1,0.9357142857142857,0.32169742920459843,0.8801841666029869,0.4311686246261666,0.9277231268209035,0.9370969795292794,0.7753418093170542,0.6,"{0.2: 0.13204585247706835, 0.3: 0.14413259116457086, 0.4: 0.533086627609466, 0.5: 0.8345730297902241, 0.6: 0.8801841666029869, 0.7: 0.8544036554977666, 0.8: 0.7841973083774155}"
14,0.0002774275491977922,1.5820728540420532,0.7074872851371765,0.22825565040111542,1,0.9,0.31152675396356827,0.8835645984204865,0.4403889987167257,0.9302194415144243,0.9431379064340947,0.7536282800939403,0.6,"{0.2: 0.13205140282213984, 0.3: 0.16036285943347187, 0.4: 0.5719787139185658, 0.5: 0.8399534580492922, 0.6: 0.8835645984204865, 0.7: 0.8600868455368885, 0.8: 0.796866083366877}"
19,0.00024742647851355997,1.4831343173980713,0.6442728281021118,0.21460257470607758,1,0.8642857142857143,0.2929462263217339,0.8881855145817661,0.4552732237263518,0.9334199639704286,0.9538150202109228,0.718234876477228,0.6,"{0.2: 0.1320695366923421, 0.3: 0.2234064098409837, 0.4: 0.6467927750906809, 0.5: 0.8479691616350621, 0.6: 0.8881855145817661, 0.7: 0.8715106400356427, 0.8: 0.8189487599604386}"
24,0.0002083780601392783,2.747876787185669,1.2131426811218262,0.38404884934425354,2,0.8285714285714285,0.27252624967159367,0.8924229013523806,0.47182053992363393,0.9358654281681731,0.9582365407418436,0.6833884190022075,0.6,"{0.2: 0.1320946269314126, 0.3: 0.3387935380075471, 0.4: 0.7185359213899121, 0.5: 0.8580637218580919, 0.6: 0.8924229013523806, 0.7: 0.882049236166583, 0.8: 0.8384849226296257}"
29,0.00016410462533175042,2.621717357635498,1.1546948909759522,0.3527048170566559,2,0.7928571428571429,0.2529415969665234,0.8975081451351443,0.49128751552376426,0.9386727906794181,0.9609381071552102,0.6453461128732313,0.6,"{0.2: 0.132367348847723, 0.3: 0.44449001922483145, 0.4: 0.7742963163568579, 0.5: 0.8690724224203638, 0.6: 0.8975081451351443, 0.7: 0.8896360948730674, 0.8: 0.8523193187442311}"
34,0.00011893996636109602,2.5447593688964845,1.1282984495162964,0.3339631259441376,2,0.7571428571428571,0.2340985330251547,0.9011077949966616,0.5091751931450855,0.9404496771398252,0.9625185556364337,0.6147598608161806,0.6,"{0.2: 0.13503297439130563, 0.3: 0.5286918794524778, 0.4: 0.8130504946695702, 0.5: 0.8783946508929887, 0.6: 0.9011077949966616, 0.7: 0.8954872353019883, 0.8: 0.8645366779893704}"
39,7.730511472804544e-05,2.5203524112701414,1.1182636499404908,0.3195525109767914,2,0.7214285714285714,0.21653832915501717,0.9054481117956251,0.5247203199057212,0.9427332373653848,0.9647941556114895,0.5820863419245592,0.6,"{0.2: 0.14984380510320358, 0.3: 0.5977901536016572, 0.4: 0.8361068892022626, 0.5: 0.8876377524624204, 0.6: 0.9054481117956251, 0.7: 0.9004514571463833, 0.8: 0.8751265095237587}"
44,4.327557979751057e-05,3.5323644638061524,1.576496410369873,0.43607266545295714,3,0.6857142857142857,0.20032873902565393,0.9096512658114244,0.546636368443184,0.9447636562665855,0.9658708245818258,0.5491197382017715,0.6,"{0.2: 0.20446937242962582, 0.3: 0.6583850581503634, 0.4: 0.8557816984754228, 0.5: 0.8948037892336833, 0.6: 0.9096512658114244, 0.7: 0.9043035343439038, 0.8: 0.883479638426675}"
49,2.0182409546203555e-05,3.5389933586120605,1.5725913286209106,0.437432324886322,3,0.65,0.18590116271605858,0.913078893965159,0.5648658456824461,0.9463777226541017,0.9660267195456868,0.5232248824385959,0.6,"{0.2: 0.3177333547598899, 0.3: 0.720898265691669, 0.4: 0.8709767710184517, 0.5: 0.9009239948854196, 0.6: 0.913078893965159, 0.7: 0.907163311529379, 0.8: 0.8908354559662732}"
54,1.0286124377900624e-05,3.524070405960083,1.5719022512435914,0.43497962355613706,3,0.6142857142857143,0.17316762109597525,0.915832276808824,0.5828382234527635,0.9475824574669992,0.9660758446621807,0.5052131202088285,0.6,"{0.2: 0.4426568677340984, 0.3: 0.7883064566455674, 0.4: 0.8822102698254404, 0.5: 0.9053835277483281, 0.6: 0.915832276808824, 0.7: 0.9107781059794067, 0.8: 0.8949995749652723}"
59,0.0002954445583636515,3.5299743175506593,1.5888442754745484,0.4089265942573547,3,0.5785714285714285,0.16185422241687775,0.9182097584878719,0.5984431051148345,0.9486751507302383,0.9661973109192763,0.4869392081099881,0.6,"{0.2: 0.5236964368061291, 0.3: 0.8339887883479554, 0.4: 0.8910828882005288, 0.5: 0.9094204350056725, 0.6: 0.9182097584878719, 0.7: 0.9142483601957673, 0.8: 0.8997445526583064}"
64,0.0002774275491977922,4.378137016296387,1.9610481977462768,0.5157546997070312,4,0.5428571428571429,0.1515012135108312,0.9208126149692735,0.6111069329126574,0.9499337219796868,0.9664260830193504,0.46671455602693357,0.6,"{0.2: 0.5915869438275824, 0.3: 0.8576819752562584, 0.4: 0.8982821730152147, 0.5: 0.9129239147943204, 0.6: 0.9208126149692735, 0.7: 0.9170780091360508, 0.8: 0.9032560635121188}"
69,0.00024742647851355997,4.299489307403564,1.9435304164886475,0.4705126881599426,4,0.5071428571428571,0.14225627099856353,0.9226918057389887,0.6231607958195361,0.9508712758487824,0.9670336339879532,0.45186895658786624,0.6,"{0.2: 0.6469358864015466, 0.3: 0.8725797531351531, 0.4: 0.9038066378775431, 0.5: 0.915649918958922, 0.6: 0.9226918057389887, 0.7: 0.9202777507675334, 0.8: 0.9073595261187972}"
74,0.0002083780601392783,4.242081165313721,1.918398880958557,0.4508547127246857,4,0.4714285714285714,0.1340385942887037,0.9247255385857047,0.6317920070918362,0.9520223479531594,0.967193376727434,0.43655871476277186,0.6,"{0.2: 0.6888181778622423, 0.3: 0.8837048654845315, 0.4: 0.9087984232567822, 0.5: 0.9188607497847869, 0.6: 0.9247255385857047, 0.7: 0.9224848118991505, 0.8: 0.9117713628444029}"
79,0.00016410462533175042,4.276351356506348,1.931421709060669,0.46020800471305845,4,0.4357142857142857,0.12704470448004893,0.9273144794203299,0.6444948248695623,0.9535899970514973,0.968769956561215,0.4193098332487507,0.6,"{0.2: 0.72316296544366, 0.3: 0.8928356898361315, 0.4: 0.9120675824505327, 0.5: 0.9220518745872903, 0.6: 0.9273144794203299, 0.7: 0.9254166986401154, 0.8: 0.9152988103292213}"
84,0.00011893996636109602,4.223343753814698,1.9177814245223999,0.4376864433288574,4,0.4,0.12095061613199039,0.9291986675343714,0.6554846825870414,0.9546430461432607,0.9696652857799973,0.4062819117746907,0.6,"{0.2: 0.7588156521337921, 0.3: 0.8996810523724112, 0.4: 0.9161303472055209, 0.5: 0.92499829891025, 0.6: 0.9291986675343714, 0.7: 0.9268497476398126, 0.8: 0.9184709593626896}"
89,7.730511472804544e-05,4.24625597000122,1.923421049118042,0.4455459892749786,4,0.3642857142857143,0.11570187486135043,0.9309702829887149,0.6648394351212884,0.9557199331319842,0.9702983315522345,0.3952791916843753,0.6,"{0.2: 0.8036473632335193, 0.3: 0.9058484430357606, 0.4: 0.920011828536571, 0.5: 0.9271867922936509, 0.6: 0.9309702829887149, 0.7: 0.9285902776628415, 0.8: 0.9209058231256287}"
94,4.327557979751057e-05,4.193591499328614,1.9009400606155396,0.43928860425949096,4,0.3285714285714286,0.11122451187708439,0.9320744854173916,0.671206778150001,0.9563229038000713,0.9699849700639316,0.386911733612055,0.6,"{0.2: 0.8440263924438748, 0.3: 0.910048016623264, 0.4: 0.9228585182622592, 0.5: 0.9292343140166156, 0.6: 0.9320744854173916, 0.7: 0.930774940390055, 0.8: 0.9225415155606189}"
99,2.0182409546203555e-05,4.190120792388916,1.904891848564148,0.42190409898757936,4,0.2928571428571428,0.10746961717422192,0.9332674539613782,0.6748558002022538,0.9571384416104924,0.9705819522750744,0.3790065657960422,0.6,"{0.2: 0.8732472122338292, 0.3: 0.9144074061854945, 0.4: 0.9253419640385963, 0.5: 0.9312085146937059, 0.6: 0.9332674539613782, 0.7: 0.9315195642175005, 0.8: 0.9237975035924978}"
104,1.0286124377900624e-05,4.156780672073364,1.893082284927368,0.4139599919319153,4,0.2571428571428571,0.10430734604597092,0.9344038744381834,0.6807314469097978,0.9578484064592571,0.9707074630598447,0.3710327576978437,0.6,"{0.2: 0.8855951157865212, 0.3: 0.9175067096471478, 0.4: 0.9273757902916969, 0.5: 0.9330331060589881, 0.6: 0.9344038744381834, 0.7: 0.9326999601178115, 0.8: 0.9256338656157193}"
109,0.0002954445583636515,4.226309013366699,1.9264591217041016,0.4312483072280884,4,0.22142857142857153,0.10157449868245003,0.9359999512883295,0.6887653219351726,0.9589030731377901,0.9718530947535993,0.36120121071808675,0.6,"{0.2: 0.8933823050359894, 0.3: 0.920461521848169, 0.4: 0.9292137494686755, 0.5: 0.9345110482468033, 0.6: 0.9359999512883295, 0.7: 0.934432533071653, 0.8: 0.9280461353353551}"
114,0.0002774275491977922,4.21292200088501,1.9166695594787597,0.4261009931564331,4,0.18571428571428572,0.09918549351203136,0.9373750175477357,0.6926816147547956,0.9598822526002844,0.9722755102510416,0.35320497345659313,0.6,"{0.2: 0.8989531759948528, 0.3: 0.92360933188699, 0.4: 0.9313683111985446, 0.5: 0.9362254042377742, 0.6: 0.9373750175477357, 0.7: 0.9356663199941528, 0.8: 0.9299344453297351}"
119,0.00024742647851355997,4.150109577178955,1.8962159872055053,0.4077729880809784,4,0.15000000000000002,0.09699523525360303,0.939007927435269,0.6950615991254154,0.9610081413592791,0.9725618714907179,0.33966551040077686,0.6,"{0.2: 0.9035670518175598, 0.3: 0.9262221449547886, 0.4: 0.9334545973854649, 0.5: 0.9382928498326064, 0.6: 0.939007927435269, 0.7: 0.9367950741682679, 0.8: 0.9315223295300411}"
4,0.0003,2.493965435028076,1.1879121780395507,0.26324287354946135,1,0.9714285714285714,0.40415663138414043,0.8286296063147066,0.3359822510509409,0.8907151596598322,0.8713147310120829,1.2887651312737909,0.6,"{0.2: 0.1320378760851454, 0.3: 0.1320333413050273, 0.4: 0.16858385605131512, 0.5: 0.7286582267868703, 0.6: 0.8286296063147066, 0.7: 0.7247174276181313, 0.8: 0.37695123737382064}"
9,0.0002954445583636515,1.8732372045516967,0.8865354299545288,0.2430761605501175,1,0.9357142857142857,0.3216788401970497,0.8800211959119673,0.431054833105045,0.9275484025208687,0.9367734827464375,0.7766856583207007,0.6,"{0.2: 0.13204585247706835, 0.3: 0.14417313826371433, 0.4: 0.5330881038340601, 0.5: 0.8346680785805816, 0.6: 0.8800211959119673, 0.7: 0.8544981923002516, 0.8: 0.784343378190434}"
14,0.0002774275491977922,1.5820566892623902,0.7074717521667481,0.2282523036003113,1,0.9,0.3115163231507326,0.8835409289417178,0.44032261799777156,0.9302064990019224,0.9431379064340947,0.7537112606319023,0.6,"{0.2: 0.13205140282213984, 0.3: 0.1604044253805415, 0.4: 0.571897512856559, 0.5: 0.8399389490425255, 0.6: 0.8835409289417178, 0.7: 0.8600963687028789, 0.8: 0.7968967569015803}"
19,0.00024742647851355997,1.482978105545044,0.6442133903503418,0.21464747190475464,1,0.8642857142857143,0.29292880648221725,0.8882743058950436,0.4550598329338037,0.93348347187174,0.9538013813674968,0.7173174128116809,0.6,"{0.2: 0.1320695366923421, 0.3: 0.22353256020374518, 0.4: 0.6467589995558192, 0.5: 0.8479811310536487, 0.6: 0.8882743058950436, 0.7: 0.8715041230134539, 0.8: 0.8188742510237902}"
24,0.0002083780601392783,2.7452274322509767,1.2117744445800782,0.3841666758060455,2,0.8285714285714285,0.27250621639765227,0.892324065060734,0.4711440566344764,0.9357945312786844,0.9577846212343137,0.6855876828079851,0.6,"{0.2: 0.13209473207568367, 0.3: 0.33894766242459246, 0.4: 0.7185028223300809, 0.5: 0.8582853391032392, 0.6: 0.892324065060734, 0.7: 0.8817720502680976, 0.8: 0.8384324774086921}"
29,0.00016410462533175042,2.6203527450561523,1.1538601875305177,0.35272754430770875,2,0.7928571428571429,0.2529021658194371,0.8975415827349327,0.4915172191002804,0.9387163317321315,0.9607444425310078,0.6445563310325964,0.6,"{0.2: 0.13237178043403205, 0.3: 0.444571601229401, 0.4: 0.7744081161319577, 0.5: 0.8691084058780536, 0.6: 0.8975415827349327, 0.7: 0.8896888147367934, 0.8: 0.8520437282634175}"
34,0.00011893996636109602,2.5444360256195067,1.1282166957855224,0.3337026059627533,2,0.7571428571428571,0.2340611009261547,0.9011246529589487,0.5093727589773795,0.940454690091542,0.9624216141406265,0.6142484534992431,0.6,"{0.2: 0.1350533692941769, 0.3: 0.5286947011441797, 0.4: 0.813161845572699, 0.5: 0.8785617596974709, 0.6: 0.9011246529589487, 0.7: 0.8955209788269965, 0.8: 0.8643487791429845}"
39,7.730511472804544e-05,2.5198738098144533,1.1180661201477051,0.3193375557661057,2,0.7214285714285714,0.21648369653102678,0.9052869104032875,0.5243167901394632,0.9425836661057789,0.9643696763767784,0.5828896875304954,0.6,"{0.2: 0.14992348902065133, 0.3: 0.5979232310319791, 0.4: 0.8361907882426783, 0.5: 0.8876865860536367, 0.6: 0.9052869104032875, 0.7: 0.9003534352634458, 0.8: 0.8751374898843866}"
44,4.327557979751057e-05,3.531498575210571,1.5761424064636231,0.4358311355113983,3,0.6857142857142857,0.20028155621809837,0.9097106907429774,0.5472939298785566,0.9448031052580734,0.9657950133786536,0.5484869898802355,0.6,"{0.2: 0.20444142008051422, 0.3: 0.6585245510417032, 0.4: 0.8559433478003831, 0.5: 0.8948680614134403, 0.6: 0.9097106907429774, 0.7: 0.9041865357206368, 0.8: 0.8835601654229287}"
49,2.0182409546203555e-05,3.5381497383117675,1.57223961353302,0.4372074007987976,3,0.65,0.18583478912329063,0.9131659340552272,0.5656187139621084,0.9464245778544608,0.9660204968065462,0.5227327529378369,0.6,"{0.2: 0.31817988415828535, 0.3: 0.7211420478767316, 0.4: 0.8712061101368656, 0.5: 0.9008834783558561, 0.6: 0.9131659340552272, 0.7: 0.9070319987793263, 0.8: 0.8909551174963561}"
54,1.0286124377900624e-05,3.5230528831481935,1.571431303024292,0.43473477363586427,3,0.6142857142857143,0.17311228811740875,0.9157542178363004,0.5821141356432016,0.9475235691360344,0.9658786758828245,0.5058254924495511,0.6,"{0.2: 0.4429486892202256, 0.3: 0.7884837830597535, 0.4: 0.8823600368851575, 0.5: 0.9053975291808977, 0.6: 0.9157542178363004, 0.7: 0.910870828427534, 0.8: 0.8950902176032745}"
59,0.0002954445583636515,3.53401780128479,1.5899856567382813,0.410695469379425,3,0.5785714285714285,0.1617974986632665,0.9183334815641732,0.5992277516250981,0.9487826666643239,0.9662607124630431,0.4852190820697993,0.6,"{0.2: 0.5237563576873833, 0.3: 0.8341981252307602, 0.4: 0.891401925283474, 0.5: 0.9096028722359369, 0.6: 0.9183334815641732, 0.7: 0.914321646064686, 0.8: 0.9000918298102986}"
64,0.0002774275491977922,4.375516796112061,1.9598716259002686,0.5152837872505188,4,0.5428571428571429,0.15142271839655363,0.9208865795276991,0.6116548871587797,0.9499916740122415,0.9664962370578929,0.4667966667925147,0.6,"{0.2: 0.5920233471608929, 0.3: 0.8578878537739212, 0.4: 0.898472234685185, 0.5: 0.9129614284158785, 0.6: 0.9208865795276991, 0.7: 0.9171096739673329, 0.8: 0.903362641423542}"
69,0.00024742647851355997,4.297555541992187,1.9451457738876343,0.4653832674026489,4,0.5071428571428571,0.14215791416473877,0.922718525871669,0.6236625906116863,0.950905607536705,0.9670178753889036,0.45092073219936285,0.6,"{0.2: 0.6472901022719488, 0.3: 0.8727917272211758, 0.4: 0.9038222776456476, 0.5: 0.9157136617549423, 0.6: 0.922718525871669, 0.7: 0.9203992977661787, 0.8: 0.9075172411451126}"
74,0.0002083780601392783,4.241079664230346,1.9175442934036255,0.4509683191776276,4,0.4714285714285714,0.1339537277817726,0.9249530454086377,0.6325416000016731,0.9522129448681377,0.967520811371457,0.4347781253574928,0.6,"{0.2: 0.6894380098777666, 0.3: 0.8838841563849369, 0.4: 0.9090639923595691, 0.5: 0.9188749238751558, 0.6: 0.9249530454086377, 0.7: 0.9227893191590975, 0.8: 0.9118224990521805}"
79,0.00016410462533175042,4.271837520599365,1.9303500175476074,0.45741099715232847,4,0.4357142857142857,0.12694732768413347,0.9272203930355039,0.6439726478812625,0.9534760085947094,0.96874857138533,0.4196794285081923,0.6,"{0.2: 0.723799331817475, 0.3: 0.8929823658027948, 0.4: 0.9122009592264531, 0.5: 0.9222498220513387, 0.6: 0.9272203930355039, 0.7: 0.9256855669102191, 0.8: 0.9152678790914188}"
84,0.00011893996636109602,4.210596370697021,1.91056170463562,0.4358085930347443,4,0.4,0.12088333662503804,0.9291280022362327,0.6563336658884057,0.9545616525225682,0.9697489217966244,0.4057892629111692,0.6,"{0.2: 0.7594151775558969, 0.3: 0.8997950345060656, 0.4: 0.9160489771743923, 0.5: 0.9247071095725289, 0.6: 0.9291280022362327, 0.7: 0.9270819944578883, 0.8: 0.9190317852138938}"
89,7.730511472804544e-05,4.241662883758545,1.9207448720932008,0.4451026916503906,4,0.3642857142857143,0.11560800423224767,0.9308051225936594,0.6636252104250481,0.9555613738683361,0.9703784537752733,0.39712649796231947,0.6,"{0.2: 0.8046629550717355, 0.3: 0.9056037470208892, 0.4: 0.9198077220300294, 0.5: 0.9270923826225164, 0.6: 0.9308051225936594, 0.7: 0.9288764621783897, 0.8: 0.921626410089701}"
94,4.327557979751057e-05,4.191651058197022,1.900662899017334,0.43848047256469724,4,0.3285714285714286,0.11114381712216598,0.9321396520073295,0.6706298875191938,0.9564242074181538,0.9707676741932102,0.3867088426968135,0.6,"{0.2: 0.8449217633906653, 0.3: 0.9099307576853217, 0.4: 0.9227880375454132, 0.5: 0.9292112329872694, 0.6: 0.9321396520073295, 0.7: 0.9307621991189879, 0.8: 0.9231781109054931}"
99,2.0182409546203555e-05,4.18789529800415,1.9042322158813476,0.4211153149604797,4,0.2928571428571428,0.10737582181508724,0.93333615378813,0.6757530269322793,0.9571736391906626,0.9711581179536646,0.37749407429558857,0.6,"{0.2: 0.8738257850242306, 0.3: 0.9140282154985075, 0.4: 0.9249389505791524, 0.5: 0.9310747530023247, 0.6: 0.93333615378813, 0.7: 0.9317104210282698, 0.8: 0.9243365400596856}"
104,1.0286124377900624e-05,4.1543797016143795,1.8925101995468139,0.4128010630607605,4,0.2571428571428571,0.10420954055511035,0.934387805536281,0.6812712985508529,0.9578781871311781,0.9715024016573903,0.37111051632493375,0.6,"{0.2: 0.8858077049249294, 0.3: 0.9172576558376346, 0.4: 0.9271629742212665, 0.5: 0.9330237830258908, 0.6: 0.934387805536281, 0.7: 0.9329096655141124, 0.8: 0.9264191190466986}"
109,0.0002954445583636515,4.23363618850708,1.9326018810272216,0.4311643004417419,4,0.22142857142857153,0.10145196452354774,0.9359560943839121,0.6885515135820626,0.9588721506775938,0.9724463439038369,0.3617374115796856,0.6,"{0.2: 0.8933670642596919, 0.3: 0.9204409815478459, 0.4: 0.9292608643694528, 0.5: 0.9346245584065517, 0.6: 0.9359560943839121, 0.7: 0.934521688621189, 0.8: 0.9287045090021296}"
114,0.0002774275491977922,4.199102401733398,1.9141961336135864,0.4169931948184967,4,0.18571428571428572,0.09903662040447578,0.9375307342485073,0.6946034492629984,0.9599295113572461,0.9726343666726084,0.3523914361321842,0.6,"{0.2: 0.8990072784364153, 0.3: 0.9234767565126512, 0.4: 0.9312588719020082, 0.5: 0.9362906604629379, 0.6: 0.9375307342485073, 0.7: 0.9357577529935006, 0.8: 0.9302824005535012}"
119,0.00024742647851355997,4.167111396789551,1.9060106992721557,0.41159449219703675,4,0.15000000000000002,0.09682508691763267,0.9393302006025263,0.6998226051086651,0.9611346299247759,0.9729670832364314,0.3384284754258871,0.6,"{0.2: 0.9037460164879553, 0.3: 0.9258149337614617, 0.4: 0.9334405705976261, 0.5: 0.9380482127488511, 0.6: 0.9393302006025263, 0.7: 0.9368256418468422, 0.8: 0.9317148194911322}"
4,0.0003,2.4939385414123536,1.1878889560699464,0.2632456600666046,1,0.9714285714285714,0.4041642875243456,0.828617069597593,0.3357968747081155,0.8907077955121263,0.8712763521829634,1.2888455741888507,0.6,"{0.2: 0.1320378760851454, 0.3: 0.1320333413050273, 0.4: 0.1685652480351158, 0.5: 0.7286064749318867, 0.6: 0.828617069597593, 0.7: 0.7246878807460865, 0.8: 0.37708941918254707}"
9,0.0002954445583636515,1.8733167409896851,0.8865529775619507,0.24308302104473115,1,0.9357142857142857,0.3216771208322965,0.8800745092460378,0.4312067560394145,0.9275850382241174,0.9369015888835367,0.7760022215548283,0.6,"{0.2: 0.13204585247706835, 0.3: 0.14415385324545427, 0.4: 0.5331378548688517, 0.5: 0.8345577190887448, 0.6: 0.8800745092460378, 0.7: 0.8545424331326839, 0.8: 0.7843201672100829}"
14,0.0002774275491977922,1.5820802211761475,0.7074785828590393,0.2282383292913437,1,0.9,0.3115110924610725,0.8835955275559809,0.44048530071980746,0.930235505177153,0.9431520727466036,0.7534041014735744,0.6,"{0.2: 0.13205126761981287, 0.3: 0.16039956495318947, 0.4: 0.571946002013638, 0.5: 0.8399134391441282, 0.6: 0.8835955275559809, 0.7: 0.8601382054275842, 0.8: 0.7968521392099037}"
19,0.00024742647851355997,1.4836317777633667,0.6445685505867005,0.21464218497276305,1,0.8642857142857143,0.2929256566059895,0.8882109502505725,0.4552327011567594,0.9334334850824433,0.9538417550968629,0.7178836805063739,0.6,"{0.2: 0.1320695366923421, 0.3: 0.22355592321244172, 0.4: 0.6467599571963347, 0.5: 0.8479390232972304, 0.6: 0.8882109502505725, 0.7: 0.8714167063794079, 0.8: 0.8189366162051878}"
24,0.0002083780601392783,2.7473047733306886,1.212752890586853,0.38425835967063904,2,0.8285714285714285,0.2725061445664137,0.8922896061072294,0.4710719153499086,0.9357740167837588,0.958089173558683,0.6856154021570633,0.6,"{0.2: 0.1320945910648267, 0.3: 0.3390568746710115, 0.4: 0.7184013996931464, 0.5: 0.8581740967669618, 0.6: 0.8922896061072294, 0.7: 0.8822029019026701, 0.8: 0.838417121249986}"
29,0.00016410462533175042,2.619931125640869,1.1533586263656617,0.35299057364463804,2,0.7928571428571429,0.2529237606586554,0.8975379783997729,0.4913984937677983,0.9387296165972477,0.9609840808664125,0.6466664702056624,0.6,"{0.2: 0.13237204638977396, 0.3: 0.44457304402194825, 0.4: 0.7742391079199042, 0.5: 0.8691152739262284, 0.6: 0.8975379783997729, 0.7: 0.889502127013394, 0.8: 0.8521052854847406}"
34,0.00011893996636109602,2.544059133529663,1.1283453464508058,0.3333096504211426,2,0.7571428571428571,0.23410071852879646,0.9009574992488999,0.5089412330257505,0.9403353462945659,0.9623191213874147,0.6157517290238695,0.6,"{0.2: 0.13504962534322654, 0.3: 0.5284611123551446, 0.4: 0.8130195545498499, 0.5: 0.8784700223741262, 0.6: 0.9009574992488999, 0.7: 0.89537574719764, 0.8: 0.8644589694117053}"
39,7.730511472804544e-05,2.51972336769104,1.118024969100952,0.3192100077867508,2,0.7214285714285714,0.21652016311119765,0.9052267305070757,0.5242125687718046,0.9425398065890849,0.9644022283482064,0.5834910819111684,0.6,"{0.2: 0.149833197064526, 0.3: 0.5978756522137552, 0.4: 0.8361210290624731, 0.5: 0.8876276332271811, 0.6: 0.9052267305070757, 0.7: 0.9003881728711707, 0.8: 0.8751282755449409}"
44,4.327557979751057e-05,3.5307430267333983,1.5758531093597412,0.4356569230556488,3,0.6857142857142857,0.20030463506013918,0.9095241068504557,0.5464116606879519,0.9446704708972279,0.9657895651721956,0.5508689785900089,0.6,"{0.2: 0.20446531756311812, 0.3: 0.6584817379708834, 0.4: 0.8557796819365594, 0.5: 0.8945951081956428, 0.6: 0.9095241068504557, 0.7: 0.9042013354231029, 0.8: 0.8837092891570506}"
49,2.0182409546203555e-05,3.537693405151367,1.5720637798309327,0.43705342411994935,3,0.65,0.18585662352733123,0.9129753498415862,0.5646451870337514,0.9462939782513661,0.9660006878870789,0.5238613525439334,0.6,"{0.2: 0.3183062678743979, 0.3: 0.721011617542235, 0.4: 0.871076800862869, 0.5: 0.9006302627930918, 0.6: 0.9129753498415862, 0.7: 0.9070221023139962, 0.8: 0.8909584885848167}"
54,1.0286124377900624e-05,3.522843599319458,1.5713911056518555,0.4346141338348389,3,0.6142857142857143,0.17314350528594774,0.9158415575572756,0.5822333983202815,0.9475935899858114,0.9660928592777355,0.5053143945124592,0.6,"{0.2: 0.4427871515312624, 0.3: 0.7884746485484209, 0.4: 0.8821515561793553, 0.5: 0.9052410171017835, 0.6: 0.9158415575572756, 0.7: 0.9108521783737386, 0.8: 0.8952557615623891}"
59,0.0002954445583636515,3.5268829345703123,1.5867459774017334,0.4092941880226135,3,0.5785714285714285,0.16181560510244125,0.9181951542699909,0.5984245113995309,0.9486941703032451,0.966388858938752,0.48743129115908207,0.6,"{0.2: 0.5238000043402132, 0.3: 0.8340880950783431, 0.4: 0.8911433915415572, 0.5: 0.9093625747053298, 0.6: 0.9181951542699909, 0.7: 0.9145311170785536, 0.8: 0.8999857900120659}"
64,0.0002774275491977922,4.3781157493591305,1.9606011629104614,0.5166355192661285,4,0.5428571428571429,0.1514583848989927,0.9205960698094381,0.6099756446511402,0.9497988428782864,0.9664223930321254,0.4684862658562824,0.6,"{0.2: 0.5919645291646533, 0.3: 0.857864338819069, 0.4: 0.8982565451906112, 0.5: 0.9127894994857241, 0.6: 0.9205960698094381, 0.7: 0.9170837124540429, 0.8: 0.9035643286961601}"
69,0.00024742647851355997,4.304475975036621,1.9478338479995727,0.4688820719718933,4,0.5071428571428571,0.14229158636851189,0.9226163912769823,0.6239174502649333,0.9508622743120816,0.9671771595963318,0.4515360122849155,0.6,"{0.2: 0.6468553532884757, 0.3: 0.8725907620082518, 0.4: 0.9036567899875119, 0.5: 0.9155334833904777, 0.6: 0.9226163912769823, 0.7: 0.9205949676612093, 0.8: 0.9076503987365415}"
74,0.0002083780601392783,4.260086154937744,1.9237532138824462,0.4604681968688965,4,0.4714285714285714,0.13405668754608202,0.9248270240755235,0.6320721679861293,0.9521090511299665,0.9673326318914511,0.4358530982562247,0.6,"{0.2: 0.688587156760281, 0.3: 0.8836752105777759, 0.4: 0.9089275157556852, 0.5: 0.9187236945717954, 0.6: 0.9248270240755235, 0.7: 0.9226413183683121, 0.8: 0.9115149927562206}"
79,0.00016410462533175042,4.276040554046631,1.9335561990737915,0.45529134273529054,4,0.4357142857142857,0.12704983621071547,0.9270962982698328,0.6459225881511745,0.9533239977265047,0.9678371112371165,0.4194059406902902,0.6,"{0.2: 0.7228691632600579, 0.3: 0.892645577696148, 0.4: 0.912226363760185, 0.5: 0.9220251565144423, 0.6: 0.9270962982698328, 0.7: 0.9248725506943298, 0.8: 0.9150640423916158}"
84,0.00011893996636109602,4.225350952148437,1.9152825117111205,0.44169756174087527,4,0.4,0.12104608366886775,0.929091589700617,0.6578354345228483,0.954382872480331,0.9684566478971873,0.40665266276547685,0.6,"{0.2: 0.7572168676035318, 0.3: 0.899610001835316, 0.4: 0.915970687685947, 0.5: 0.924717842083942, 0.6: 0.929091589700617, 0.7: 0.9264712918919795, 0.8: 0.9176921080905908}"
89,7.730511472804544e-05,4.249007797241211,1.9215701341629028,0.4495070517063141,4,0.3642857142857143,0.1159262078312727,0.9306732678740832,0.6655100066204237,0.9553455017242833,0.9689204370120814,0.3955451028815843,0.6,"{0.2: 0.8004056281689497, 0.3: 0.90530229020814, 0.4: 0.9197782939510336, 0.5: 0.9270979231569609, 0.6: 0.9306732678740832, 0.7: 0.9282390100560206, 0.8: 0.9205456154005199}"
94,4.327557979751057e-05,4.200062084197998,1.902159833908081,0.44332425594329833,4,0.3285714285714286,0.11148701493556683,0.931679630235881,0.6715227749883607,0.9558933494624754,0.968690982426063,0.38876764748827536,0.6,"{0.2: 0.83950763215238, 0.3: 0.9098880031810254, 0.4: 0.9223248326553783, 0.5: 0.9292941301674004, 0.6: 0.931679630235881, 0.7: 0.930452135936182, 0.8: 0.9220129779846269}"
99,2.0182409546203555e-05,4.1968718528747555,1.9064813137054444,0.4254895389080048,4,0.2928571428571428,0.10775343749003533,0.9329692278570252,0.6773819844529338,0.9568196878556952,0.9695017229495769,0.37937212934033315,0.6,"{0.2: 0.8699008073060386, 0.3: 0.9132897280146454, 0.4: 0.9250068217466441, 0.5: 0.9309769575838011, 0.6: 0.9329692278570252, 0.7: 0.9310767622107855, 0.8: 0.9234179295873242}"
104,1.0286124377900624e-05,4.16350531578064,1.8951485633850098,0.4171658933162689,4,0.2571428571428571,0.10459954692767216,0.9336894128524786,0.6798765738994977,0.9572968414648375,0.9699260945124835,0.3744695297964088,0.6,"{0.2: 0.8836778213826394, 0.3: 0.916739615944571, 0.4: 0.9269848897450492, 0.5: 0.9324855834730484, 0.6: 0.9336894128524786, 0.7: 0.9318275629561068, 0.8: 0.9247923755379859}"
109,0.0002954445583636515,4.236246585845947,1.9318529605865478,0.4336697459220886,4,0.22142857142857153,0.10183847829317436,0.935420616157806,0.6900677332250095,0.958346669752768,0.9707506127447035,0.3633807499706398,0.6,"{0.2: 0.8917956983902872, 0.3: 0.9197587758649095, 0.4: 0.9289715561240013, 0.5: 0.9342678990201222, 0.6: 0.935420616157806, 0.7: 0.9335422574015744, 0.8: 0.927217516175963}"
114,0.0002774275491977922,4.220237827301025,1.9251857995986938,0.4203212261199951,4,0.18571428571428572,0.09939996057595962,0.9364488725678578,0.6886040578959399,0.9591373902852295,0.9710002234747026,0.35690738719824006,0.6,"{0.2: 0.8977859943245589, 0.3: 0.9227399184985751, 0.4: 0.9308734888123663, 0.5: 0.9359087322664404, 0.6: 0.9364488725678578, 0.7: 0.9347503605935257, 0.8: 0.9290998026159608}"
119,0.00024742647851355997,4.172813606262207,1.9096267461776733,0.41267901062965395,4,0.15000000000000002,0.09723053949001507,0.9382571056803906,0.6954584202675762,0.9603815644705369,0.9714012024465655,0.3445200894822479,0.6,"{0.2: 0.9026678948802438, 0.3: 0.9255865825536593, 0.4: 0.9328907704610703, 0.5: 0.9373427430887671, 0.6: 0.9382571056803906, 0.7: 0.9356795251670477, 0.8: 0.9305870402494318}"
4,0.0003,2.4939284801483153,1.1879095554351806,0.2632319122552872,1,0.9714285714285714,0.4041708478560814,0.8284841560063233,0.335550835380754,0.8906089261044325,0.871070731688258,1.2887970931558583,0.6,"{0.2: 0.1320378760851454, 0.3: 0.1320333413050273, 0.4: 0.1685459829632791, 0.5: 0.7285666472890507, 0.6: 0.8284841560063233, 0.7: 0.7246397897776274, 0.8: 0.376892594776759}"
9,0.0002954445583636515,1.8732386112213135,0.8865376591682435,0.24308793544769286,1,0.9357142857142857,0.32166784848922336,0.8800442387831426,0.4309015711206186,0.9275884855500169,0.9369109056003843,0.776063490907648,0.6,"{0.2: 0.13204585247706835, 0.3: 0.1441598956504119, 0.4: 0.5331504291211026, 0.5: 0.8346426034452731, 0.6: 0.8800442387831426, 0.7: 0.8544621678671933, 0.8: 0.7843648721882055}"
14,0.0002774275491977922,1.582101821899414,0.7074962377548217,0.22824267745018006,1,0.9,0.31150060510024047,0.883575233675905,0.44040166409494,0.9302255509900459,0.9431379064340947,0.753579754442003,0.6,"{0.2: 0.13205130211899527, 0.3: 0.16040634147805, 0.4: 0.5720515229353854, 0.5: 0.8399882049432689, 0.6: 0.883575233675905, 0.7: 0.8600674604782159, 0.8: 0.7968625838797633}"
19,0.00024742647851355997,1.4832833528518676,0.6443761348724365,0.21461042165756225,1,0.8642857142857143,0.2929265674872276,0.8882181199097638,0.4549979022990939,0.9334381102836203,0.9538013813674968,0.717842414686977,0.6,"{0.2: 0.1320695366923421, 0.3: 0.22353802481753332, 0.4: 0.6467994349475165, 0.5: 0.8479520339007948, 0.6: 0.8882181199097638, 0.7: 0.8714779587303508, 0.8: 0.8189598726240594}"
24,0.0002083780601392783,2.7488364219665526,1.2136614084243775,0.3841108798980713,2,0.8285714285714285,0.2725034768764789,0.8923965334145805,0.47162508915061013,0.935844169955315,0.9582218467443416,0.6836834404314007,0.6,"{0.2: 0.1320946269314126, 0.3: 0.339042971774008, 0.4: 0.7185089378839946, 0.5: 0.8580920397557791, 0.6: 0.8923965334145805, 0.7: 0.8820522316092754, 0.8: 0.8384140621653204}"
29,0.00016410462533175042,2.621736669540405,1.1546179056167603,0.3528400301933289,2,0.7928571428571429,0.2529371675008383,0.8974951661387405,0.4912431794313109,0.9386783995436279,0.9610634161296409,0.6454906086978995,0.6,"{0.2: 0.13236843166480558, 0.3: 0.4445418844495197, 0.4: 0.7742575594935366, 0.5: 0.8690324982461314, 0.6: 0.8974951661387405, 0.7: 0.8896150355439991, 0.8: 0.8522867055371999}"
34,0.00011893996636109602,2.544793176651001,1.1283225059509276,0.3339749425649643,2,0.7571428571428571,0.23409766188034645,0.9012753087779632,0.509382746769953,0.9406054125128449,0.9629191966620747,0.6141147333371529,0.6,"{0.2: 0.13505028362752455, 0.3: 0.5286299147989427, 0.4: 0.8130141652519343, 0.5: 0.8784163560567158, 0.6: 0.9012753087779632, 0.7: 0.8953662997710422, 0.8: 0.8644191793409729}"
39,7.730511472804544e-05,2.5204022407531737,1.1183078050613404,0.3195297598838806,2,0.7214285714285714,0.21654871832101774,0.9053589820909318,0.5244941798010525,0.942663463949705,0.9647941556114895,0.5828734222690904,0.6,"{0.2: 0.14988730736402678, 0.3: 0.597756694104213, 0.4: 0.8359882408553417, 0.5: 0.8877613527260673, 0.6: 0.9053589820909318, 0.7: 0.9005035654398708, 0.8: 0.8752446033199822}"
44,4.327557979751057e-05,3.532149076461792,1.576445722579956,0.4359727382659912,3,0.6857142857142857,0.20035598446161318,0.9095844263233238,0.5472182156103026,0.9446904711199398,0.9660034770017513,0.5507441270220738,0.6,"{0.2: 0.20442630094909656, 0.3: 0.6582187876469587, 0.4: 0.8556725963607007, 0.5: 0.8947726294617582, 0.6: 0.9095844263233238, 0.7: 0.9043864100691039, 0.8: 0.883440553558824}"
49,2.0182409546203555e-05,3.5387897968292235,1.572530245780945,0.43739400506019593,3,0.65,0.18591725864471534,0.9131983314106679,0.5648857599231997,0.9464958973058313,0.96644766800637,0.5236335986068686,0.6,"{0.2: 0.3177916362651689, 0.3: 0.7208025284026942, 0.4: 0.8709668289803955, 0.5: 0.9010494607656546, 0.6: 0.9131983314106679, 0.7: 0.9073498576027702, 0.8: 0.8908116865941472}"
54,1.0286124377900624e-05,3.5239156246185304,1.5718290090560914,0.43495993614196776,3,0.6142857142857143,0.17320165725854728,0.9159409769166851,0.5825439669235754,0.9477124632298068,0.9666456314883352,0.5054321092136026,0.6,"{0.2: 0.44239193230034674, 0.3: 0.7880282470348045, 0.4: 0.8820476717901781, 0.5: 0.9052653619601079, 0.6: 0.9159409769166851, 0.7: 0.9109398288289399, 0.8: 0.8952586936625119}"
59,0.0002954445583636515,3.5296693325042723,1.5882688999176025,0.40971189737319946,3,0.5785714285714285,0.16186953698977447,0.9183132534047892,0.5992476484733663,0.9487589259941976,0.9664341951507505,0.4867728992887592,0.6,"{0.2: 0.5236760556455087, 0.3: 0.8338792459957901, 0.4: 0.8908821754688068, 0.5: 0.909438868528789, 0.6: 0.9183132534047892, 0.7: 0.9144147949456946, 0.8: 0.8997824742707925}"
64,0.0002774275491977922,4.377665328979492,1.960414433479309,0.5163322210311889,4,0.5428571428571429,0.15154215234976548,0.9206580421515722,0.6113938056502385,0.9498046616549181,0.9667501841791499,0.4681738432795322,0.6,"{0.2: 0.5914554260380414, 0.3: 0.857523992384089, 0.4: 0.8983843785193825, 0.5: 0.9127572827098891, 0.6: 0.9206580421515722, 0.7: 0.9170275839326956, 0.8: 0.903517413361705}"
69,0.00024742647851355997,4.299375534057617,1.9448864936828614,0.46863911747932435,4,0.5071428571428571,0.14232012705925184,0.9226191528176739,0.6232588071685713,0.9508199943280565,0.9673234025959325,0.45206649599047044,0.6,"{0.2: 0.6466882547874965, 0.3: 0.8723162241023429, 0.4: 0.9035286014082405, 0.5: 0.9156151097487248, 0.6: 0.9226191528176739, 0.7: 0.9203621581067418, 0.8: 0.9075705412133064}"
74,0.0002083780601392783,4.254502201080323,1.92363498210907,0.45508832931518556,4,0.4714285714285714,0.13407014176631585,0.9248785003724331,0.6316423968582493,0.952193936389142,0.9676986523467457,0.4361319968647031,0.6,"{0.2: 0.688472597572064, 0.3: 0.883410201379176, 0.4: 0.9087380161810643, 0.5: 0.918739390723892, 0.6: 0.9248785003724331, 0.7: 0.9225736331384292, 0.8: 0.9117440460035351}"
79,0.00016410462533175042,4.275483226776123,1.9295263051986695,0.4615367233753204,4,0.4357142857142857,0.12712863565255433,0.9272108529672942,0.6443074422788008,0.9535011760842094,0.968886353255012,0.41932800077998694,0.6,"{0.2: 0.7225821764774764, 0.3: 0.8923311703614173, 0.4: 0.9119223271289604, 0.5: 0.9220882231126655, 0.6: 0.9272108529672942, 0.7: 0.9253164801788342, 0.8: 0.9151830182944288}"
84,0.00011893996636109602,4.223342227935791,1.9133194923400878,0.4417965769767761,4,0.4,0.12110531635773487,0.929169215503639,0.6575515659685859,0.9545557253747311,0.9695509556955727,0.40822158801487135,0.6,"{0.2: 0.75710233047462, 0.3: 0.8991921964226784, 0.4: 0.9160141953100334, 0.5: 0.9245665330911496, 0.6: 0.929169215503639, 0.7: 0.9267773679136193, 0.8: 0.9182385149437001}"
89,7.730511472804544e-05,4.245562934875489,1.9195348978042603,0.44886637926101686,4,0.3642857142857143,0.1159511991800406,0.9311656585210216,0.668551626013473,0.95576882018785,0.970298192935053,0.3943051468516005,0.6,"{0.2: 0.8006700054520043, 0.3: 0.9049822437307461, 0.4: 0.919928821811047, 0.5: 0.927279672785908, 0.6: 0.9311656585210216, 0.7: 0.9283899283283416, 0.8: 0.9206827173835092}"
94,4.327557979751057e-05,4.196898746490478,1.9007157802581787,0.4425213813781738,4,0.3285714285714286,0.11151481973819244,0.9321147926390648,0.6744122646571835,0.9563807451052406,0.9703837040478452,0.38649754174671697,0.6,"{0.2: 0.8398312559506118, 0.3: 0.9094346054438301, 0.4: 0.9225675101565216, 0.5: 0.9291296545077711, 0.6: 0.9321147926390648, 0.7: 0.9304594451467836, 0.8: 0.9222390427122165}"
99,2.0182409546203555e-05,4.194482326507568,1.9058039665222168,0.424376380443573,4,0.2928571428571428,0.10771936827745193,0.9331223343932501,0.6783351249220312,0.9570072350043117,0.970673674333261,0.37885420666025,0.6,"{0.2: 0.8702028677877129, 0.3: 0.9133251894804951, 0.4: 0.9249022993093959, 0.5: 0.9308143691115734, 0.6: 0.9331223343932501, 0.7: 0.9313699237923325, 0.8: 0.9236375591698325}"
104,1.0286124377900624e-05,4.160935688018799,1.8941819429397584,0.41619775891304017,4,0.2571428571428571,0.10456699897081424,0.9343463585248242,0.6825501046368083,0.9577957079171825,0.9711501859924885,0.37092312721224624,0.6,"{0.2: 0.8835689082445424, 0.3: 0.9166342246079907, 0.4: 0.9270214843275324, 0.5: 0.9324625097043501, 0.6: 0.9343463585248242, 0.7: 0.9321808086382055, 0.8: 0.9252325400646985}"
109,0.0002954445583636515,4.232377910614014,1.930086326599121,0.4320164442062378,4,0.22142857142857153,0.10182465746616706,0.9355645573725773,0.6903013092707426,0.9585605851299167,0.9718581581070421,0.36346990164800225,0.6,"{0.2: 0.8915751214555271, 0.3: 0.9195988336237346, 0.4: 0.9291265367643504, 0.5: 0.9340917277496987, 0.6: 0.9355645573725773, 0.7: 0.9339850912544093, 0.8: 0.9276333936945048}"
114,0.0002774275491977922,4.222657203674316,1.9272583246231079,0.4200677752494812,4,0.18571428571428572,0.09937916218470304,0.9371665184406746,0.6949588973449411,0.9596519611057767,0.9723938833808807,0.3534970463880723,0.6,"{0.2: 0.8976209225114028, 0.3: 0.9230195896666559, 0.4: 0.930918581943638, 0.5: 0.9359611726741685, 0.6: 0.9371665184406746, 0.7: 0.9351449388934714, 0.8: 0.929500567151195}"
119,0.00024742647851355997,4.162059020996094,1.9074405193328858,0.40462952852249146,4,0.15000000000000002,0.09718714635341595,0.9387251401572042,0.697893563604348,0.960831065212136,0.9728958090433523,0.34203061248489836,0.6,"{0.2: 0.9027593035487399, 0.3: 0.92574662785718, 0.4: 0.9332491828923, 0.5: 0.9374943214223316, 0.6: 0.9387251401572042, 0.7: 0.9364935002971081, 0.8: 0.9311256713180469}"
4,0.0003,2.4938977718353272,1.187882137298584,0.2632223695516586,1,0.9819095477386934,0.4041745914862706,0.8285931394332485,0.3361177263416265,0.8906481323856398,0.8712032458969102,1.2877425116569352,0.6,"{0.2: 0.1320378760851454, 0.3: 0.1320333413050273, 0.4: 0.168539087314967, 0.5: 0.7285803668802532, 0.6: 0.8285931394332485, 0.7: 0.7247034066796307, 0.8: 0.37684768327069607}"
9,0.00029536601626647306,1.8733308792114258,0.8865696430206299,0.24308423697948456,1,0.9592964824120603,0.32202405348802227,0.8798885633642691,0.4304819383730455,0.9274694439364394,0.9366904366678472,0.7778760809959184,0.6,"{0.2: 0.13204571858003444, 0.3: 0.14377088485605932, 0.4: 0.5317314615223463, 0.5: 0.8343816224234135, 0.6: 0.8798885633642691, 0.7: 0.8542651389142253, 0.8: 0.7838631400208882}"
14,0.0002770383690115472,1.5820611000061036,0.707459557056427,0.22826254665851592,1,0.9366834170854271,0.3168290288020403,0.8815724952450972,0.4354251823942482,0.9287425923926579,0.9401193494902697,0.7648973731833798,0.6,"{0.2: 0.13204795147701204, 0.3: 0.150535295929543, 0.4: 0.5511583844321892, 0.5: 0.8371110385047634, 0.6: 0.8815724952450972, 0.7: 0.8573899400505874, 0.8: 0.7896676552069776}"
19,0.0002465200384879317,2.6742383003234864,1.165727972984314,0.39431440830230713,2,0.914070351758794,0.30712264929062283,0.8843141689289737,0.444185853657767,0.9305708063074866,0.9434673888283126,0.7455403112235981,0.6,"{0.2: 0.13205505877390492, 0.3: 0.1709269912358313, 0.4: 0.5891530124422829, 0.5: 0.842544974329041, 0.6: 0.8843141689289737, 0.7: 0.8624461142079733, 0.8: 0.8019887332858765}"
24,0.00020679837152099,2.603029727935791,1.137689995765686,0.3693405508995056,2,0.8914572864321608,0.2965172215914115,0.8879789007818146,0.45440444290014737,0.9331071317323418,0.9505265498180362,0.7201135320574064,0.6,"{0.2: 0.1320614886474903, 0.3: 0.20515298550887165, 0.4: 0.635883724957074, 0.5: 0.8484327081927671, 0.6: 0.8879789007818146, 0.7: 0.8697591355532469, 0.8: 0.8152896569216336}"
29,0.00016176160163057374,2.5317256450653076,1.1160064935684204,0.342212575674057,2,0.8688442211055276,0.2859009061104212,0.890961978600233,0.46420666813364664,0.9350653140101269,0.95607758478813,0.6984338056345231,0.6,"{0.2: 0.13206806907580468, 0.3: 0.25623456009452394, 0.4: 0.6802255207336657, 0.5: 0.8530358125767447, 0.6: 0.890961978600233, 0.7: 0.8768036509417729, 0.8: 0.8291407837729065}"
34,0.00011581824164318389,3.4214195728302004,1.511402702331543,0.44729589223861693,3,0.8462311557788945,0.2751973699300717,0.8932879543061402,0.4744847056799243,0.9363364821993594,0.9595291567532335,0.6806935600620785,0.6,"{0.2: 0.1320755448077444, 0.3: 0.32005998205792946, 0.4: 0.7192287371949702, 0.5: 0.8585524717230936, 0.6: 0.8932879543061402, 0.7: 0.8822848697007174, 0.8: 0.8395132306798783}"
39,7.346554774059796e-05,3.3632463455200194,1.4953041553497315,0.4227093517780304,3,0.8236180904522613,0.26453891281898206,0.8957601280664976,0.485471096507942,0.9376349080003371,0.9629920025183772,0.6632931963926824,0.6,"{0.2: 0.1320927815970614, 0.3: 0.38735285928295415, 0.4: 0.7531943065203492, 0.5: 0.863918835695035, 0.6: 0.8957601280664976, 0.7: 0.8886799398288454, 0.8: 0.8492848585357182}"
44,3.88492966905711e-05,3.370204305648804,1.502521014213562,0.40933955907821656,3,0.8010050251256281,0.2540774559363341,0.8982620073364824,0.4970805664850587,0.938899520676868,0.9659703937184855,0.6411649513539267,0.6,"{0.2: 0.1321887414095354, 0.3: 0.44403007140367906, 0.4: 0.7836316520360842, 0.5: 0.8689872693407804, 0.6: 0.8982620073364824, 0.7: 0.892766426328786, 0.8: 0.8582066684438362}"
49,1.5357968331482925e-05,4.097356700897217,1.8238323211669922,0.50189967751503,4,0.778391959798995,0.24399191599625808,0.9011135100917655,0.5073671723456716,0.9404736386334918,0.9690337961437228,0.6229112609957036,0.6,"{0.2: 0.13264978671972383, 0.3: 0.4945203824630469, 0.4: 0.803571614977528, 0.5: 0.8742056367346365, 0.6: 0.9011135100917655, 0.7: 0.8969872683473795, 0.8: 0.8670034957949388}"
54,5.2910575568299456e-06,4.117102098464966,1.8321472883224488,0.4954343497753143,4,0.7557788944723618,0.23427836367717156,0.9040069443872667,0.5188095076259577,0.942084486796714,0.9718803212989067,0.6045733600289948,0.6,"{0.2: 0.13404609576833995, 0.3: 0.5391733541826675, 0.4: 0.8182863890331273, 0.5: 0.8788600599303215, 0.6: 0.9040069443872667, 0.7: 0.8997401251093635, 0.8: 0.8740260403327355}"
59,0.00029536601626647306,4.0933623790740965,1.8320941209793091,0.47496209740638734,4,0.7331658291457286,0.22482244211893815,0.9062511933110543,0.5285402836059863,0.9433074392191606,0.9739038371736044,0.5885502592091529,0.6,"{0.2: 0.13762975242154032, 0.3: 0.5787262491506009, 0.4: 0.8303802890305124, 0.5: 0.8838022413204549, 0.6: 0.9062511933110543, 0.7: 0.9032530857626543, 0.8: 0.8802425796673083}"
64,0.0002770383690115472,4.760024166107177,2.1191877841949465,0.5778051912784576,5,0.7105527638190955,0.21543442056729242,0.9081258228335545,0.5415472629693328,0.9442234418488724,0.9749257773569092,0.5740664238637658,0.6,"{0.2: 0.14622199564026964, 0.3: 0.6178821929318179, 0.4: 0.8421577912110726, 0.5: 0.8873949116135625, 0.6: 0.9081258228335545, 0.7: 0.9060641398573848, 0.8: 0.8854997552967071}"
69,0.0002465200384879317,4.675343132019043,2.0951347827911375,0.5365997850894928,5,0.6879396984924623,0.2063843145584449,0.9100725523514285,0.554245643903149,0.9452145323491761,0.9768816731408932,0.5606556163579072,0.6,"{0.2: 0.16690460321960401, 0.3: 0.6532117915550096, 0.4: 0.8516946318103794, 0.5: 0.8914746780950319, 0.6: 0.9100725523514285, 0.7: 0.9092124434909539, 0.8: 0.8916575856113435}"
4,0.0003,2.493970775604248,1.187912607192993,0.2632310301065445,1,0.9819095477386934,0.40417726223285383,0.8286128058456405,0.335902205194883,0.8907156064557827,0.8712488060016472,1.2885087631534358,0.6,"{0.2: 0.1320378760851454, 0.3: 0.1320333413050273, 0.4: 0.16851900487536287, 0.5: 0.7286769489872386, 0.6: 0.8286128058456405, 0.7: 0.7245939769043321, 0.8: 0.3768370368621053}"
9,0.00029536601626647306,1.8733121633529664,0.8865699410438538,0.24306395649909973,1,0.9592964824120603,0.32202719495846677,0.8800301149540556,0.4307568809130438,0.92759242818834,0.936898900290945,0.7764402566045252,0.6,"{0.2: 0.13204557883174656, 0.3: 0.1437823853785595, 0.4: 0.5317397547983567, 0.5: 0.8343829464429664, 0.6: 0.8800301149540556, 0.7: 0.8541561118215021, 0.8: 0.7839035674502504}"
14,0.0002770383690115472,1.5821613311767577,0.7075322508811951,0.22824976742267608,1,0.9366834170854271,0.3168386404330914,0.8815044457737378,0.4353597710609745,0.928670905548725,0.9402235813018185,0.7655429406752923,0.6,"{0.2: 0.13204788551012034, 0.3: 0.1505399883953286, 0.4: 0.5511597926578293, 0.5: 0.8370893172678413, 0.6: 0.8815044457737378, 0.7: 0.8573114191946326, 0.8: 0.7896562494955892}"
74,0.00020679837152099,4.635811042785645,2.0717753887176515,0.5406017661094665,5,0.6653266331658292,0.19759800342413095,0.9129329955054419,0.5163098932370663,0.9468354144883849,0.9551309016587993,0.528029965422927,0.7,"{0.2: 0.2098681881638104, 0.3: 0.6885012769272605, 0.4: 0.8604446966816669, 0.5: 0.8951927017334452, 0.6: 0.912224477993644, 0.7: 0.9129329955054419, 0.8: 0.8965517395017466}"
19,0.0002465200384879317,2.6756983757019044,1.1664464235305787,0.39461895227432253,2,0.914070351758794,0.3071397863901578,0.8843394081028269,0.44399539376995933,0.930596448872403,0.9436513670685767,0.7442998338803654,0.6,"{0.2: 0.13205499212719196, 0.3: 0.17090167319045554, 0.4: 0.5891024060159196, 0.5: 0.8425309349254786, 0.6: 0.8843394081028269, 0.7: 0.8623880329026091, 0.8: 0.8019609281299415}"
79,0.00016176160163057374,4.596290588378906,2.070210075378418,0.5087832272052765,5,0.642713567839196,0.1891058637545659,0.9158505788927247,0.5311981617076054,0.9484872818041404,0.9581133519476618,0.5085115826394704,0.7,"{0.2: 0.28208481642729943, 0.3: 0.734206162177901, 0.4: 0.8687037253597021, 0.5: 0.8990808163871085, 0.6: 0.914186090039791, 0.7: 0.9158505788927247, 0.8: 0.9008673427969425}"
24,0.00020679837152099,2.6016640186309816,1.1369535684585572,0.369562029838562,2,0.8914572864321608,0.29652949479910046,0.8881086881349264,0.4545893312305695,0.9332276279751169,0.9507131512160141,0.7194838443127068,0.6,"{0.2: 0.1320614886474903, 0.3: 0.20513573576982308, 0.4: 0.63588120793321, 0.5: 0.848429182339548, 0.6: 0.8881086881349264, 0.7: 0.8696934535746111, 0.8: 0.8150423318525171}"
29,0.00016176160163057374,2.532857656478882,1.1167686223983764,0.34225921630859374,2,0.8688442211055276,0.2859227473919208,0.8909872876864483,0.4642141321159788,0.935092289548323,0.95607758478813,0.698416847340668,0.6,"{0.2: 0.13206789455302745, 0.3: 0.25615952059828695, 0.4: 0.6803236241046425, 0.5: 0.8530034513982565, 0.6: 0.8909872876864483, 0.7: 0.8769994710677542, 0.8: 0.8290291677613387}"
84,0.00011581824164318389,4.652410316467285,2.0904687643051147,0.5222200989723206,5,0.6201005025125628,0.18100133538246155,0.9184380289396115,0.5441623409082543,0.9499319103573433,0.9603618904050482,0.4920629056189969,0.7,"{0.2: 0.37607887788632194, 0.3: 0.7796461833312238, 0.4: 0.8756946278784923, 0.5: 0.9026476989063267, 0.6: 0.9165213140798562, 0.7: 0.9184380289396115, 0.8: 0.9043823467916934}"
34,0.00011581824164318389,3.422899293899536,1.5121913194656371,0.4478383183479309,3,0.8462311557788945,0.2752334360892956,0.8931844053545854,0.47421252386052953,0.936242807299275,0.9594949839717475,0.681383685588961,0.6,"{0.2: 0.1320753467681807, 0.3: 0.3199145712019863, 0.4: 0.7190944180157545, 0.5: 0.8585843552803007, 0.6: 0.8931844053545854, 0.7: 0.8823015545731895, 0.8: 0.8394174440075455}"
89,7.346554774059796e-05,4.560594844818115,2.051089859008789,0.5034494936466217,5,0.5974874371859297,0.17328902467703208,0.9202947169757578,0.5566972999012031,0.9508479549684378,0.9618581930126965,0.4804312314595067,0.7,"{0.2: 0.4560106451509655, 0.3: 0.8167294594996777, 0.4: 0.8821124597606825, 0.5: 0.9064599805843924, 0.6: 0.9183996974413415, 0.7: 0.9202947169757578, 0.8: 0.9082644067352558}"
94,3.88492966905711e-05,4.55192461013794,2.058550786972046,0.4752197742462158,5,0.5748743718592965,0.16611660061738429,0.9221535242262087,0.5701218808354163,0.9518098607259591,0.9634923382299961,0.46593955934506437,0.7,"{0.2: 0.5149564560496135, 0.3: 0.838887140965015, 0.4: 0.8887399283398065, 0.5: 0.9098718791542131, 0.6: 0.9204965572998165, 0.7: 0.9221535242262087, 0.8: 0.9115950988724006}"
39,7.346554774059796e-05,3.3632539749145507,1.495465302467346,0.4224629044532776,3,0.8236180904522613,0.26458265766119343,0.8958119461533237,0.48492619953925115,0.9376684369715429,0.9629978697049506,0.6628952320227053,0.6,"{0.2: 0.13209229831263244, 0.3: 0.3871416880610157, 0.4: 0.7531224321263393, 0.5: 0.8638473634030578, 0.6: 0.8958119461533237, 0.7: 0.8885286191252061, 0.8: 0.8491013188114974}"
44,3.88492966905711e-05,3.371122407913208,1.5028376817703246,0.4097247540950775,3,0.8010050251256281,0.2541392094049698,0.8981914347860813,0.49611483760778186,0.9388302475927648,0.9659142375346849,0.6416190218278603,0.6,"{0.2: 0.13218484867186772, 0.3: 0.4438023142536002, 0.4: 0.7835166486883203, 0.5: 0.8689429797122558, 0.6: 0.8981914347860813, 0.7: 0.8927384179038268, 0.8: 0.8580518269267816}"
99,1.5357968331482925e-05,4.569086647033691,2.0690182209014893,0.47709298729896543,5,0.5522613065326634,0.15944290810670608,0.924249060982203,0.5811497946424721,0.9529457703885629,0.964808130582927,0.4509657151733767,0.7,"{0.2: 0.5659665696175026, 0.3: 0.852369200285166, 0.4: 0.8933649269423057, 0.5: 0.9126113676279297, 0.6: 0.92219122272338, 0.7: 0.924249060982203, 0.8: 0.9146464842217216}"
49,1.5357968331482925e-05,4.097892808914184,1.8239071846008301,0.5022374868392945,4,0.778391959798995,0.24406003990234473,0.9011506639664381,0.5066176600171597,0.9404830407202852,0.9689913102442645,0.622831653036438,0.6,"{0.2: 0.13263911203865325, 0.3: 0.49429046220814615, 0.4: 0.803604361266059, 0.5: 0.8741820505211925, 0.6: 0.9011506639664381, 0.7: 0.8969920051173321, 0.8: 0.8668059909771961}"
104,5.2910575568299456e-06,4.59127836227417,2.069464659690857,0.5015937805175781,5,0.5296482412060302,0.15329364782724625,0.9258394385513485,0.5914967785677693,0.9537374098296624,0.9654169123869938,0.4376639822253151,0.7,"{0.2: 0.608295468560534, 0.3: 0.8626499537694402, 0.4: 0.8984026159611664, 0.5: 0.9152760834328378, 0.6: 0.923752940911838, 0.7: 0.9258394385513485, 0.8: 0.9173340363681185}"
109,0.00029536601626647306,4.519746875762939,2.0649486064910887,0.442718380689621,5,0.507035175879397,0.1475631560270603,0.9273495493975704,0.603897296084533,0.9545800265689734,0.9661053664267636,0.4274326515362877,0.7,"{0.2: 0.6448009272845805, 0.3: 0.8706390428349436, 0.4: 0.9029565063935883, 0.5: 0.9181453255851659, 0.6: 0.9256924390827188, 0.7: 0.9273495493975704, 0.8: 0.919454406868869}"
54,5.2910575568299456e-06,4.117240238189697,1.832197403907776,0.49548364877700807,4,0.7557788944723618,0.23435565829277039,0.9040145914295337,0.5184316742163798,0.9420861667028018,0.9718444543766892,0.6048899778126648,0.6,"{0.2: 0.13402016289748997, 0.3: 0.5389043626033787, 0.4: 0.8183455635302954, 0.5: 0.8788373519464551, 0.6: 0.9040145914295337, 0.7: 0.8997773136115552, 0.8: 0.8742645047200278}"
114,0.0002770383690115472,4.68288106918335,2.1483684539794923,0.48445850014686587,5,0.48442211055276374,0.1422077952287136,0.9289042284431827,0.6117855533932323,0.9554674190152311,0.9665544386664825,0.416396042391262,0.7,"{0.2: 0.6735580001474458, 0.3: 0.8787191009617107, 0.4: 0.9069956340330259, 0.5: 0.9203726350847072, 0.6: 0.9277421055320476, 0.7: 0.9289042284431827, 0.8: 0.9216676994494714}"
59,0.00029536601626647306,4.094395542144776,1.8329850435256958,0.4745128989219666,4,0.7331658291457286,0.22489908910714662,0.906159194765678,0.5287923495440268,0.9432437571509584,0.9737684365497606,0.5891103257883761,0.6,"{0.2: 0.13757837392361932, 0.3: 0.5785129990458159, 0.4: 0.8305214903602124, 0.5: 0.8838902445480294, 0.6: 0.906159194765678, 0.7: 0.9033085226927363, 0.8: 0.880109763283511}"
119,0.0002465200384879317,4.508535861968994,2.0548859357833864,0.4511178433895111,5,0.46180904522613064,0.13713644941647848,0.9308045366844709,0.6247592514309819,0.9565593782151414,0.9676143690601137,0.4019206683048964,0.7,"{0.2: 0.6976751951801496, 0.3: 0.8852980196087444, 0.4: 0.910879152656533, 0.5: 0.9227900110102027, 0.6: 0.9296473805693025, 0.7: 0.9308045366844709, 0.8: 0.9242386316770084}"
64,0.0002770383690115472,4.757536506652832,2.121655750274658,0.5745519399642944,5,0.7105527638190955,0.21547774550242302,0.9080876298526516,0.5394101389007263,0.9442081107083491,0.9747008903091617,0.5746429381550944,0.6,"{0.2: 0.14620666550242734, 0.3: 0.6177970756621126, 0.4: 0.8424843989670509, 0.5: 0.8877623678814361, 0.6: 0.9080876298526516, 0.7: 0.905995189952306, 0.8: 0.8852889210630625}"
124,0.00020679837152099,4.5376708984375,2.07628493309021,0.42958040833473204,5,0.43919597989949744,0.13261794986633155,0.9320473875102449,0.6330115441146553,0.9572283324114148,0.9677985842980065,0.39262511938039996,0.7,"{0.2: 0.7190768422770071, 0.3: 0.8913551771111013, 0.4: 0.9143124152464284, 0.5: 0.9255799452419284, 0.6: 0.9315226873203716, 0.7: 0.9320473875102449, 0.8: 0.9256647955614188}"
69,0.0002465200384879317,4.688790702819825,2.1039818286895753,0.5364980340003968,5,0.6879396984924623,0.20644847131692445,0.9099791809603668,0.5523279223466869,0.9451452013035299,0.9766056550394705,0.561231933924835,0.6,"{0.2: 0.16683977285490714, 0.3: 0.6530923276465476, 0.4: 0.8519039146944046, 0.5: 0.8916377239815756, 0.6: 0.9099791809603668, 0.7: 0.9089708981581444, 0.8: 0.8913525717490156}"
129,0.00016176160163057374,4.388693809509277,2.0214228868484496,0.3964214026927948,5,0.4165829145728642,0.12850700949247068,0.9341889966121496,0.6451332966013055,0.9585840931284736,0.9688695788006518,0.37789327462558614,0.7,"{0.2: 0.7436198315121201, 0.3: 0.8968583371953008, 0.4: 0.9175708899797284, 0.5: 0.9280322419086409, 0.6: 0.9331011830104237, 0.7: 0.9341889966121496, 0.8: 0.927772919646168}"
74,0.00020679837152099,4.635556983947754,2.0761374473571776,0.5337479829788208,5,0.6653266331658292,0.19768975675106049,0.9127720607224288,0.5128319398183874,0.9467216547532507,0.9548185880127763,0.5293661530476766,0.7,"{0.2: 0.20951945768020608, 0.3: 0.6884311546376173, 0.4: 0.8607891502310093, 0.5: 0.8955398903397938, 0.6: 0.9121755331859895, 0.7: 0.9127720607224288, 0.8: 0.8963466546906733}"
134,0.00011581824164318389,4.415200424194336,2.0194265604019166,0.42056073546409606,5,0.39396984924623113,0.1247291916455978,0.9357263207079723,0.6541573168940713,0.9595698336420674,0.9697955913426048,0.3679828595815871,0.7,"{0.2: 0.7748376175596202, 0.3: 0.9018665553853086, 0.4: 0.9207990932884582, 0.5: 0.9299973673244916, 0.6: 0.9344985036763443, 0.7: 0.9357263207079723, 0.8: 0.9294240081918531}"
79,0.00016176160163057374,4.603253173828125,2.072867488861084,0.5105229675769806,5,0.642713567839196,0.189211511077025,0.9156437382451421,0.5278917744442853,0.9483725277846144,0.9578074938618888,0.510378800255439,0.7,"{0.2: 0.28121202697956393, 0.3: 0.7337068100215777, 0.4: 0.8689305580753435, 0.5: 0.8993299252346514, 0.6: 0.9143515156432895, 0.7: 0.9156437382451421, 0.8: 0.9003894317457943}"
139,7.346554774059796e-05,4.410249137878418,2.030819058418274,0.39037774205207826,5,0.3713567839195979,0.1212633769863691,0.9369959659094858,0.6580962292762029,0.9603924999441744,0.9702024388905923,0.3582040812038845,0.7,"{0.2: 0.8100091764146677, 0.3: 0.9061882843804397, 0.4: 0.9235975767356578, 0.5: 0.932102353967037, 0.6: 0.9357926768690069, 0.7: 0.9369959659094858, 0.8: 0.9307991025785628}"
84,0.00011581824164318389,4.657212448120117,2.0922024726867674,0.5243395745754242,5,0.6201005025125628,0.1810871557547496,0.9184528357304859,0.5419475670262226,0.9499384408099693,0.9601792874475731,0.4918438886433253,0.7,"{0.2: 0.3754358163615817, 0.3: 0.7793774198460218, 0.4: 0.8759465268648184, 0.5: 0.9028051461212409, 0.6: 0.9164146436375435, 0.7: 0.9184528357304859, 0.8: 0.9040859698981691}"
144,3.88492966905711e-05,4.3637621879577635,2.006996440887451,0.39298059344291686,5,0.3487437185929648,0.11808355362751545,0.9378962733851761,0.6612504361725983,0.9609428891276883,0.9703470645029307,0.3500060014876443,0.7,"{0.2: 0.8391475664762698, 0.3: 0.910669512686259, 0.4: 0.9260711398542787, 0.5: 0.9340162866014162, 0.6: 0.9377990442527184, 0.7: 0.9378962733851761, 0.8: 0.9321395564059956}"
89,7.346554774059796e-05,4.562227249145508,2.0515504121780395,0.5046131134033203,5,0.5974874371859297,0.17339097956816354,0.9202304125651369,0.5529366148421055,0.9508966777961456,0.9617579892945147,0.4782019903233538,0.7,"{0.2: 0.45537962532333137, 0.3: 0.816807041224145, 0.4: 0.8825061109447554, 0.5: 0.9066702746085994, 0.6: 0.9183964990421111, 0.7: 0.9202304125651369, 0.8: 0.9078958050479639}"
149,1.5357968331482925e-05,4.403690338134766,2.0232654809951782,0.4004391670227051,5,0.3261306532663316,0.11522599500723374,0.9393501074660318,0.6670838475904732,0.9618859654998263,0.9710895596540544,0.34105837159131674,0.7,"{0.2: 0.8644978629450298, 0.3: 0.9145005589613324, 0.4: 0.9283082824303275, 0.5: 0.9353638195024874, 0.6: 0.9390024159987211, 0.7: 0.9393501074660318, 0.8: 0.933393024555443}"
94,3.88492966905711e-05,4.55325984954834,2.0588483095169066,0.4758540093898773,5,0.5748743718592965,0.16623148818810782,0.9219442980092063,0.5657620988130303,0.9516535955627032,0.9630606960075934,0.4674799739584708,0.7,"{0.2: 0.5141522013540687, 0.3: 0.8388818638811387, 0.4: 0.8888501796313696, 0.5: 0.9101917342961607, 0.6: 0.9206077919228602, 0.7: 0.9219442980092063, 0.8: 0.9111400981812011}"
154,5.2910575568299456e-06,4.400243091583252,2.0182913541793823,0.4044938862323761,5,0.3035175879396984,0.11261926476772015,0.9402733448925128,0.7130331744396455,0.9622281896071835,0.9801853102572918,0.3314075762297981,0.6,"{0.2: 0.8783864279296734, 0.3: 0.9170708606730975, 0.4: 0.9306103596102415, 0.5: 0.9371963607508382, 0.6: 0.9402733448925128, 0.7: 0.9401567368596188, 0.8: 0.9346844131014362}"
99,1.5357968331482925e-05,4.571072578430176,2.070075821876526,0.477270370721817,5,0.5522613065326634,0.1595723426494843,0.9240537555932001,0.5768071524464807,0.9528936565562708,0.9643467631981184,0.4525758116808203,0.7,"{0.2: 0.5649106333327563, 0.3: 0.8523738351671403, 0.4: 0.8937616802745464, 0.5: 0.9126421477034687, 0.6: 0.9222460473130428, 0.7: 0.9240537555932001, 0.8: 0.914175607770434}"
159,0.00029536601626647306,4.391446590423584,2.022699737548828,0.39461950659751893,5,0.2809045226130653,0.11023413657377927,0.9412708212906773,0.7184541648042992,0.9628872790251811,0.980309489640714,0.32445468683620493,0.6,"{0.2: 0.8859050802037006, 0.3: 0.919594474666439, 0.4: 0.9323940786016829, 0.5: 0.9383463631920975, 0.6: 0.9412708212906773, 0.7: 0.9407691352079263, 0.8: 0.9363026183421814}"
104,5.2910575568299456e-06,4.592460823059082,2.0698475360870363,0.5018672466278076,5,0.5296482412060302,0.15342914446806297,0.92582332128758,0.5891560265775825,0.9538342460601399,0.965241977725317,0.43848888311956064,0.7,"{0.2: 0.6075557340278266, 0.3: 0.8625937851151343, 0.4: 0.8987510972934882, 0.5: 0.9154182121811514, 0.6: 0.9239026023993375, 0.7: 0.92582332128758, 0.8: 0.917042836177676}"
164,0.0002770383690115472,4.419771385192871,2.0252745866775514,0.42035619020462034,5,0.2582914572864321,0.10809670694363423,0.9423379846737351,0.7247352867986023,0.9635149484271366,0.9801070188682756,0.3163971642093696,0.6,"{0.2: 0.8914677977709895, 0.3: 0.9223017130130884, 0.4: 0.9336502480197516, 0.5: 0.9398816197907621, 0.6: 0.9423379846737351, 0.7: 0.9414530393346453, 0.8: 0.9373519076448628}"
109,0.00029536601626647306,4.508511638641357,2.060896611213684,0.4378808975219727,5,0.507035175879397,0.147654340053216,0.9272337189593697,0.5978059437058139,0.9545871909839627,0.96573338788988,0.4280909226216772,0.7,"{0.2: 0.6442780113303384, 0.3: 0.870992619895752, 0.4: 0.9033308575871053, 0.5: 0.9182252045231696, 0.6: 0.9257147970389763, 0.7: 0.9272337189593697, 0.8: 0.91918061939593}"
169,0.0002465200384879317,4.410193395614624,2.057217001914978,0.376845920085907,5,0.235678391959799,0.10607484059456067,0.9432264177783589,0.7293846582719036,0.9639798470132782,0.9795934471873442,0.3102740670173576,0.6,"{0.2: 0.8958571464923344, 0.3: 0.9247270843632419, 0.4: 0.9352296323040042, 0.5: 0.9409677211279008, 0.6: 0.9432264177783589, 0.7: 0.9424628099208459, 0.8: 0.9385006290395668}"
114,0.0002770383690115472,4.652749061584473,2.1222380638122558,0.488271963596344,5,0.48442211055276374,0.14231223976000762,0.9288908231414998,0.6089693387846145,0.9554995939849931,0.9663560853610824,0.41535193702182555,0.7,"{0.2: 0.6731432225607298, 0.3: 0.8790175653054604, 0.4: 0.9074240208740545, 0.5: 0.9205997158472772, 0.6: 0.9274687502612236, 0.7: 0.9288908231414998, 0.8: 0.9212448342383155}"
174,0.00020679837152099,4.399521827697754,2.02481369972229,0.39573092460632325,5,0.2130653266331658,0.1041781587096361,0.9443742647649401,0.7324647486017521,0.9646746997261086,0.9796713402550882,0.30200156530879996,0.6,"{0.2: 0.9001409711652156, 0.3: 0.9271907120995325, 0.4: 0.9366810821521662, 0.5: 0.9425345337873926, 0.6: 0.9443742647649401, 0.7: 0.943440812699785, 0.8: 0.9393039060274905}"
119,0.0002465200384879317,4.500087451934815,2.053237247467041,0.44520641565322877,5,0.46180904522613064,0.1372758503525685,0.930631923726723,0.6185874990857813,0.956584083055518,0.9670571050361084,0.4036404665744493,0.7,"{0.2: 0.6973096849396507, 0.3: 0.8855684678858617, 0.4: 0.911187406972605, 0.5: 0.9229803913289434, 0.6: 0.9295325428529065, 0.7: 0.930631923726723, 0.8: 0.9233221979405883}"
179,0.00016176160163057374,4.354456233978271,2.0131911754608156,0.3764815807342529,5,0.1904522613065326,0.1024537382599635,0.944973355542796,0.734839399450986,0.9650978290886436,0.9793176025050888,0.2975086278726816,0.6,"{0.2: 0.9049779819549982, 0.3: 0.9292878957681163, 0.4: 0.9380155924549833, 0.5: 0.944174040017148, 0.6: 0.944973355542796, 0.7: 0.9440880174820016, 0.8: 0.9401017430978399}"
124,0.00020679837152099,4.538805675506592,2.0757224321365357,0.4306805908679962,5,0.43919597989949744,0.13275669324092376,0.9321805724509702,0.6255938366831691,0.9575554868490662,0.9678301648611591,0.3932744401816466,0.7,"{0.2: 0.7189224774697732, 0.3: 0.8916390231197507, 0.4: 0.9142325253277684, 0.5: 0.9256346114146103, 0.6: 0.9311089216326857, 0.7: 0.9321805724509702, 0.8: 0.925287398995014}"
184,0.00011581824164318389,4.3309934616088865,2.004341459274292,0.3687195062637329,5,0.1678391959798995,0.10087377902788994,0.9458184341256572,0.7370864035806631,0.9656121218243038,0.9794215605339224,0.29160663561642974,0.6,"{0.2: 0.9087093018222046, 0.3: 0.9308940012722808, 0.4: 0.9393009684258152, 0.5: 0.9454081963241447, 0.6: 0.9458184341256572, 0.7: 0.9449857720374613, 0.8: 0.9408401066810297}"
129,0.00016176160163057374,4.392811489105225,2.02478187084198,0.3976874381303787,5,0.4165829145728642,0.12862006230996206,0.933456210200436,0.6315236844862786,0.9583101364698189,0.968186341017737,0.38466947424222414,0.7,"{0.2: 0.7434636015890553, 0.3: 0.8969346562691984, 0.4: 0.9174727183103883, 0.5: 0.928096237270319, 0.6: 0.9330328975251558, 0.7: 0.933456210200436, 0.8: 0.9273106814761217}"
189,7.346554774059796e-05,4.285239219665527,1.9989669561386108,0.3352474495768547,5,0.14522613065326628,0.09947787817472066,0.9466363563419213,0.7399947238230586,0.966183166716412,0.9797640400415865,0.2847900589332267,0.6,"{0.2: 0.9120723659834769, 0.3: 0.9324031100033298, 0.4: 0.9407771613493856, 0.5: 0.9464179525236253, 0.6: 0.9466363563419213, 0.7: 0.9460138734439167, 0.8: 0.941701983829652}"
134,0.00011581824164318389,4.4213401794433596,2.0249334573745728,0.4191200375556946,5,0.39396984924623113,0.12483919220857131,0.9349159837458495,0.6353383964508416,0.9592830595359686,0.9688318404136737,0.3747792233563263,0.7,"{0.2: 0.7751004058745707, 0.3: 0.901903584311377, 0.4: 0.9207272278566614, 0.5: 0.9299973863642494, 0.6: 0.9342435926921877, 0.7: 0.9349159837458495, 0.8: 0.9289517421668643}"
194,3.88492966905711e-05,4.3690793991088865,2.0081445455551146,0.39817692041397096,5,0.12261306532663319,0.09813119910466366,0.9476882740336645,0.7455322502477589,0.9669273069535603,0.9801135761646591,0.27843689683223316,0.6,"{0.2: 0.9150412874503854, 0.3: 0.9341425796909933, 0.4: 0.9419882276176899, 0.5: 0.9475596082311929, 0.6: 0.9476882740336645, 0.7: 0.9471282227136404, 0.8: 0.9429021655658215}"
139,7.346554774059796e-05,4.410275077819824,2.031396245956421,0.3899525225162506,5,0.3713567839195979,0.1213764861608163,0.9361229688943552,0.6411287419768618,0.9600083322947766,0.9694859063410425,0.365632782126899,0.7,"{0.2: 0.8100005722089482, 0.3: 0.9061261170072513, 0.4: 0.9233976010406081, 0.5: 0.9319510897481214, 0.6: 0.9357593932246498, 0.7: 0.9361229688943552, 0.8: 0.9302753111772952}"
199,1.5357968331482925e-05,4.297140979766846,1.99505672454834,0.3472844034433365,5,0.09999999999999998,0.09695379397807977,0.948692798949507,0.7494256713255105,0.9676517930504277,0.9805369964013558,0.27240148627966876,0.6,"{0.2: 0.9178562662341287, 0.3: 0.9356774849916653, 0.4: 0.943270166377959, 0.5: 0.9481942932298316, 0.6: 0.948692798949507, 0.7: 0.9478617125364207, 0.8: 0.9436504602082186}"
144,3.88492966905711e-05,4.365698432922363,2.0084513425827026,0.39293148517608645,5,0.3487437185929648,0.11816208771406075,0.9374370944523298,0.6464288950552933,0.9608137035075399,0.9699422030753524,0.3560675450066809,0.7,"{0.2: 0.8398032432357803, 0.3: 0.9105475922866854, 0.4: 0.925635102822715, 0.5: 0.933851229509548, 0.6: 0.9371849560321633, 0.7: 0.9374370944523298, 0.8: 0.9312043167113748}"
149,1.5357968331482925e-05,4.403626537322998,2.0235750675201416,0.40005279183387754,5,0.3261306532663316,0.11529036974295592,0.9385850468046737,0.6523288584101918,0.9614858743360464,0.970392017637144,0.34791342279947013,0.7,"{0.2: 0.8647898180225146, 0.3: 0.91429497466475, 0.4: 0.9279754325583167, 0.5: 0.9349978901387157, 0.6: 0.9384234838958193, 0.7: 0.9385850468046737, 0.8: 0.9327392473293852}"
154,5.2910575568299456e-06,4.400017642974854,2.0188033103942873,0.40382970571517945,5,0.3035175879396984,0.11268203648237082,0.9395847739894324,0.7038727362149058,0.9618661150708271,0.9798146268346184,0.3373407396818941,0.6,"{0.2: 0.8782882849201923, 0.3: 0.917014761795109, 0.4: 0.9304513364758193, 0.5: 0.9369821394451827, 0.6: 0.9395847739894324, 0.7: 0.9392796921574321, 0.8: 0.9339037924375091}"
159,0.00029536601626647306,4.405562973022461,2.0328954458236694,0.39430302381515503,5,0.2809045226130653,0.11026927523123913,0.9406738717518096,0.7088767915515073,0.9626029301190672,0.9795628059589794,0.33003211996708287,0.6,"{0.2: 0.8862252790875575, 0.3: 0.9198306085016029, 0.4: 0.9320221220123458, 0.5: 0.9382840210588699, 0.6: 0.9406738717518096, 0.7: 0.9399911520668989, 0.8: 0.9353736039659498}"
164,0.0002770383690115472,4.43501501083374,2.0222285985946655,0.4385655879974365,5,0.2582914572864321,0.10812365282804538,0.9414664229975406,0.7107129136859877,0.9630048701641215,0.9791641793468048,0.323446174069936,0.6,"{0.2: 0.8918647064743663, 0.3: 0.9222365982056723, 0.4: 0.9334895984125487, 0.5: 0.9394134484997113, 0.6: 0.9414664229975406, 0.7: 0.9407246048479576, 0.8: 0.936744248602827}"
169,0.0002465200384879317,4.350938606262207,2.0137592554092407,0.3761018306016922,5,0.235678391959799,0.10598963976670535,0.9422617455350667,0.716022249734697,0.9634022921475727,0.978423396468792,0.3181118400919341,0.6,"{0.2: 0.8960250909099284, 0.3: 0.9249174393156042, 0.4: 0.9351507519385017, 0.5: 0.9405377628114558, 0.6: 0.9422617455350667, 0.7: 0.9414160877410089, 0.8: 0.9374434405557907}"
174,0.00020679837152099,4.416992473602295,2.0380138397216796,0.39500194787979126,5,0.2130653266331658,0.10407519512451611,0.9435194899961752,0.7227501088640118,0.9641439755243286,0.9783623139006462,0.3089418893283879,0.6,"{0.2: 0.9005760590516828, 0.3: 0.9272527195689395, 0.4: 0.9364306639084621, 0.5: 0.9418027333224799, 0.6: 0.9435194899961752, 0.7: 0.942707621865284, 0.8: 0.9381821786313955}"
179,0.00016176160163057374,4.354655075073242,2.020459032058716,0.36683604717254636,5,0.1904522613065326,0.10237456189516263,0.9446109663735314,0.7273304145112145,0.9649138041615339,0.9783802443796105,0.30090198286459363,0.6,"{0.2: 0.9052004012395332, 0.3: 0.929576858476023, 0.4: 0.938206305706438, 0.5: 0.9434717801976108, 0.6: 0.9446109663735314, 0.7: 0.9436275510354519, 0.8: 0.9390257058044921}"
184,0.00011581824164318389,4.3238170623779295,1.999874210357666,0.3675171256065369,5,0.1678391959798995,0.10078121320559429,0.9453213040284169,0.7298235945413287,0.965360038917396,0.978843177573568,0.29588624588020823,0.6,"{0.2: 0.9095009522718408, 0.3: 0.9314335307638217, 0.4: 0.9394344336417806, 0.5: 0.9448959418396226, 0.6: 0.9453213040284169, 0.7: 0.9445173173137444, 0.8: 0.9402528534021537}"
189,7.346554774059796e-05,4.284681272506714,1.997789168357849,0.3360380530357361,5,0.14522613065326628,0.09937901775806378,0.9465869177527909,0.7340528834629548,0.9662168355870537,0.9793003479193899,0.2873504796473815,0.6,"{0.2: 0.9126694523737763, 0.3: 0.9328115616876584, 0.4: 0.940672772917475, 0.5: 0.9461458798137844, 0.6: 0.9465869177527909, 0.7: 0.9456182488722337, 0.8: 0.9409709085530715}"
194,3.88492966905711e-05,4.367858028411865,2.007675886154175,0.39761554896831514,5,0.12261306532663319,0.09804928302764893,0.9483524184879707,0.7378699007425719,0.967573369997977,0.9805650697707222,0.2780961805151294,0.6,"{0.2: 0.9155457484483599, 0.3: 0.9345757973325288, 0.4: 0.9422440323880861, 0.5: 0.9472681225274553, 0.6: 0.9483524184879707, 0.7: 0.9466557207520103, 0.8: 0.9418871891089796}"
199,1.5357968331482925e-05,4.297033071517944,1.9949378728866578,0.34725998640060424,5,0.09999999999999998,0.0968395492587334,0.9494126645552086,0.740874701813276,0.968373198059946,0.9811868890724452,0.2708699259078868,0.6,"{0.2: 0.9182894569431744, 0.3: 0.9360174212290645, 0.4: 0.9438648980148528, 0.5: 0.9480338213633467, 0.6: 0.9494126645552086, 0.7: 0.9477486057964623, 0.8: 0.9430325754516016}"
4,0.0003,2.4939159870147707,1.1878816843032838,0.263237202167511,1,0.9819095477386934,0.40418138030247813,0.8285681222408084,0.33578711697849545,0.8906449536260885,0.8711617585813335,1.2882337461095357,0.6,"{0.2: 0.1320378760851454, 0.3: 0.1320333413050273, 0.4: 0.16851644507803729, 0.5: 0.7285879975687787, 0.6: 0.8285681222408084, 0.7: 0.724672944969488, 0.8: 0.37694165939037166}"
9,0.00029536601626647306,1.873422956466675,0.8865927934646607,0.24308594465255737,1,0.9592964824120603,0.3220364573674324,0.879798916618436,0.43047803295661025,0.9273679459535148,0.9366245321848266,0.7799030007976291,0.6,"{0.2: 0.13204571858003444, 0.3: 0.14374246329505672, 0.4: 0.531678335938106, 0.5: 0.8344741137336528, 0.6: 0.879798916618436, 0.7: 0.8542739315624803, 0.8: 0.783966995840092}"
14,0.0002770383690115472,1.5820544719696046,0.7074810981750488,0.22824535071849822,1,0.9366834170854271,0.3168473075597714,0.8815756519581077,0.4354812065117085,0.9287358843243422,0.9401193494902697,0.7649416709339731,0.6,"{0.2: 0.13204795147701204, 0.3: 0.1504959618632917, 0.4: 0.551106638926966, 0.5: 0.8372270882678322, 0.6: 0.8815756519581077, 0.7: 0.8573960745571628, 0.8: 0.7897270409345223}"
19,0.0002465200384879317,2.6715910911560057,1.1642699480056762,0.39423828125,2,0.914070351758794,0.3071466615566841,0.8842787465816673,0.44411465979994336,0.9305421387968451,0.9434510537085902,0.7458309907035854,0.6,"{0.2: 0.13205509340127738, 0.3: 0.17084821890285326, 0.4: 0.5891062911045163, 0.5: 0.8426052625414265, 0.6: 0.8842787465816673, 0.7: 0.8624030711017409, 0.8: 0.802083454717538}"
24,0.00020679837152099,2.603277349472046,1.1380698919296264,0.3691213011741638,2,0.8914572864321608,0.29652370779942244,0.888056753278506,0.45440979621553523,0.9331774692516123,0.9505265498180362,0.7189856206901266,0.6,"{0.2: 0.13206155831110314, 0.3: 0.2051061600931721, 0.4: 0.6359366938356822, 0.5: 0.8484751310830632, 0.6: 0.888056753278506, 0.7: 0.8698465591891326, 0.8: 0.8152732323114174}"
29,0.00016176160163057374,2.5311782360076904,1.1157081365585326,0.3420419216156006,2,0.8688442211055276,0.28589045925018114,0.8908671796201165,0.46415142088254296,0.9349627515231455,0.9557361414536387,0.698655044674735,0.6,"{0.2: 0.13206813273136392, 0.3: 0.25623595767114105, 0.4: 0.6803539731511509, 0.5: 0.8530134455227023, 0.6: 0.8908671796201165, 0.7: 0.876842200278343, 0.8: 0.8292741352564178}"
34,0.00011581824164318389,3.4238112926483155,1.5131644010543823,0.4470046520233154,3,0.8462311557788945,0.2751475358620668,0.8933210897156081,0.4745718236004089,0.9363421252269319,0.9592389691491112,0.6799976267919983,0.6,"{0.2: 0.13207582195666107, 0.3: 0.3203100003233889, 0.4: 0.7194231362869836, 0.5: 0.858671421961367, 0.6: 0.8933210897156081, 0.7: 0.8822942784589571, 0.8: 0.8392099378890688}"
39,7.346554774059796e-05,3.3623865127563475,1.4949209451675416,0.422603839635849,3,0.8236180904522613,0.26449045844567126,0.8957851285616434,0.4855522107686936,0.9376621303827779,0.9626308363358268,0.6625115944425121,0.6,"{0.2: 0.13209288242809394, 0.3: 0.3876622850458634, 0.4: 0.7534203403080627, 0.5: 0.864065532331743, 0.6: 0.8957851285616434, 0.7: 0.8887288450675951, 0.8: 0.8494494752075761}"
44,3.88492966905711e-05,3.3701875686645506,1.5025306701660157,0.4095400393009186,3,0.8010050251256281,0.2540279191273909,0.8983705225326275,0.49738223570416196,0.9390034041774005,0.9654524120468957,0.6428646627011857,0.6,"{0.2: 0.13218572930262587, 0.3: 0.4443155550777159, 0.4: 0.7836173458636825, 0.5: 0.869285134229216, 0.6: 0.8983705225326275, 0.7: 0.8926326896783376, 0.8: 0.8584021833235105}"
49,1.5357968331482925e-05,4.097725868225098,1.8241671085357667,0.5018053829669953,4,0.778391959798995,0.24395517317148355,0.901176540923687,0.5073106092059082,0.9405463120109321,0.9687484260236194,0.6217772339936448,0.6,"{0.2: 0.13263847132967113, 0.3: 0.49473774801696807, 0.4: 0.803805029283586, 0.5: 0.8742455296212535, 0.6: 0.901176540923687, 0.7: 0.8969661207349463, 0.8: 0.8665152907466088}"
54,5.2910575568299456e-06,4.115458011627197,1.831322693824768,0.49517800807952883,4,0.7557788944723618,0.23422192877683884,0.9038496722384546,0.518335695896486,0.9419531772514201,0.9713379829143215,0.6051593514240473,0.6,"{0.2: 0.13401887977896124, 0.3: 0.5395981565776686, 0.4: 0.8184219994996109, 0.5: 0.8789602285391785, 0.6: 0.9038496722384546, 0.7: 0.8999097398239146, 0.8: 0.87381841488512}"
59,0.00029536601626647306,4.092003965377808,1.8314908504486085,0.4739846348762512,4,0.7331658291457286,0.2247245621222716,0.9061524664733887,0.5285283594359448,0.9431679065435485,0.9732763391296027,0.5884904370771764,0.6,"{0.2: 0.13760030066994375, 0.3: 0.5793426909473022, 0.4: 0.8307649273801022, 0.5: 0.8839065097960852, 0.6: 0.9061524664733887, 0.7: 0.9033536773331997, 0.8: 0.8803609306843327}"
64,0.0002770383690115472,4.739491176605225,2.1072702407836914,0.5745459794998169,5,0.7105527638190955,0.21527182024258834,0.9081913358515777,0.541470161772073,0.9442720006285711,0.974149797973237,0.572548340218491,0.6,"{0.2: 0.14627371442270784, 0.3: 0.6186043916449899, 0.4: 0.8426109165873791, 0.5: 0.8881177881864354, 0.6: 0.9081913358515777, 0.7: 0.9061176892047592, 0.8: 0.8857014486071896}"
69,0.0002465200384879317,4.649712753295899,2.0840911865234375,0.5316720068454742,5,0.6879396984924623,0.206226830299084,0.9103318261996941,0.553546314980906,0.945437520725676,0.975789759484987,0.5569952043428897,0.6,"{0.2: 0.1670764464933768, 0.3: 0.6539853988898688, 0.4: 0.8524168047384723, 0.5: 0.892165733021019, 0.6: 0.9103318261996941, 0.7: 0.9090092218033475, 0.8: 0.8911418729796017}"
74,0.00020679837152099,4.652019309997558,2.085168981552124,0.5341829359531403,5,0.6653266331658292,0.19745420416196188,0.9121968204333476,0.5659282107610144,0.9462959499422795,0.9772525944749156,0.5419552547722113,0.6,"{0.2: 0.20993031922120275, 0.3: 0.6889880602780825, 0.4: 0.8608550028322757, 0.5: 0.8960178887546346, 0.6: 0.9121968204333476, 0.7: 0.9121415042869953, 0.8: 0.8963506040897509}"
79,0.00016176160163057374,4.620892524719238,2.0727224349975586,0.5264534413814544,5,0.642713567839196,0.188949370995546,0.9158271158371887,0.5336624948747622,0.9483541990691277,0.9571162115759105,0.5060049248043699,0.7,"{0.2: 0.28267514651081926, 0.3: 0.7348106500338992, 0.4: 0.8695548159510903, 0.5: 0.8998718355867406, 0.6: 0.9144784395337916, 0.7: 0.9158271158371887, 0.8: 0.9005133211997824}"
84,0.00011581824164318389,4.661695861816407,2.090124011039734,0.5318018317222595,5,0.6201005025125628,0.18082470504137185,0.9183060085753737,0.5457716774724802,0.9497269295056545,0.9589956768216428,0.49049275659968117,0.7,"{0.2: 0.3770552588963035, 0.3: 0.7809760033206331, 0.4: 0.8766371772357352, 0.5: 0.9036782393302568, 0.6: 0.9167243132143921, 0.7: 0.9183060085753737, 0.8: 0.9041488413201637}"
89,7.346554774059796e-05,4.569667530059815,2.0534882307052613,0.5087224185466767,5,0.5974874371859297,0.17311024016294724,0.920284606520124,0.5575310547854129,0.9507941129563532,0.9607159682243738,0.4752422939155693,0.7,"{0.2: 0.4573638521993529, 0.3: 0.8185224999963933, 0.4: 0.8832354671609064, 0.5: 0.9077491704664524, 0.6: 0.9188018404857708, 0.7: 0.920284606520124, 0.8: 0.9079349617703557}"
94,3.88492966905711e-05,4.5602422714233395,2.0617033720016478,0.47811717391014097,5,0.5748743718592965,0.16600099893716666,0.9220486235142571,0.5689391823507928,0.9516812828076121,0.961826680641063,0.4648336332673897,0.7,"{0.2: 0.5157704994983338, 0.3: 0.8401661297495345, 0.4: 0.8897699379225396, 0.5: 0.9103994279225004, 0.6: 0.9208114488400213, 0.7: 0.9220486235142571, 0.8: 0.9110312306712518}"
99,1.5357968331482925e-05,4.5750103950500485,2.071090340614319,0.47932045459747313,5,0.5522613065326634,0.15936108697683382,0.9239198664337936,0.580125648880262,0.9526146158503942,0.9628077136057289,0.45023314110049173,0.7,"{0.2: 0.5666939031099278, 0.3: 0.8536384979715868, 0.4: 0.89484159412401, 0.5: 0.9134266626727406, 0.6: 0.9224652757056279, 0.7: 0.9239198664337936, 0.8: 0.9138930497912833}"
104,5.2910575568299456e-06,4.593577480316162,2.0687668323516846,0.5037449598312378,5,0.5296482412060302,0.15323305130004883,0.9259335801461384,0.5936937591886217,0.9536985756635921,0.9638718225583356,0.4355544082684364,0.7,"{0.2: 0.6091950202632549, 0.3: 0.8639310519843993, 0.4: 0.9000077426297673, 0.5: 0.9163384696004843, 0.6: 0.9242975712456302, 0.7: 0.9259335801461384, 0.8: 0.9162941926569466}"
109,0.00029536601626647306,4.511539173126221,2.0608726978302,0.4401287019252777,5,0.507035175879397,0.1474863160879184,0.9273247781430926,0.6053382885237765,0.9543722939626788,0.9639237118488617,0.42407338063628036,0.7,"{0.2: 0.6454437226245552, 0.3: 0.8722003064468455, 0.4: 0.9041542072819675, 0.5: 0.9190184985754494, 0.6: 0.9258012923210895, 0.7: 0.9273247781430926, 0.8: 0.9183676510160038}"
114,0.0002770383690115472,4.637953090667724,2.105298662185669,0.49978150725364684,5,0.48442211055276374,0.14212603446764824,0.9287408649321116,0.612438995709858,0.9551696902514186,0.9643610168683748,0.4148859452657736,0.7,"{0.2: 0.6744061422847994, 0.3: 0.8800070719724968, 0.4: 0.9080564432445019, 0.5: 0.9212597773141216, 0.6: 0.9277111634751655, 0.7: 0.9287408649321116, 0.8: 0.9202929034775693}"
119,0.0002465200384879317,4.519170951843262,2.063728404045105,0.44973873496055605,5,0.46180904522613064,0.1371093273927004,0.9303388870281893,0.6199942601445545,0.9561891159311485,0.9652995647600053,0.40381082111685407,0.7,"{0.2: 0.6984499474457917, 0.3: 0.886929381457526, 0.4: 0.9119337370402161, 0.5: 0.9235084957743172, 0.6: 0.9298811841993395, 0.7: 0.9303388870281893, 0.8: 0.9228203992461792}"
124,0.00020679837152099,4.546878814697266,2.081877040863037,0.4291974067687988,5,0.43919597989949744,0.13255487401516008,0.9316445919433798,0.627752444761349,0.9569794979706499,0.9659235090021102,0.394561741984491,0.7,"{0.2: 0.7196608759749447, 0.3: 0.8926051118217484, 0.4: 0.9148566295730995, 0.5: 0.9262115063510206, 0.6: 0.9315801240937841, 0.7: 0.9316445919433798, 0.8: 0.9248050782304506}"
129,0.00016176160163057374,4.398888969421387,2.0288872718811035,0.3972857654094696,5,0.4165829145728642,0.12840810303504652,0.9333800742008729,0.6353957723605147,0.9581394959964248,0.9666422306079622,0.3814247734125648,0.7,"{0.2: 0.7435072837296978, 0.3: 0.8982140185707953, 0.4: 0.9184474883703424, 0.5: 0.9283347020133562, 0.6: 0.9332087334851449, 0.7: 0.9333800742008729, 0.8: 0.926543897396173}"
134,0.00011581824164318389,4.414921379089355,2.0186599254608155,0.4211912155151367,5,0.39396984924623113,0.12464916515044677,0.9349910410434514,0.6440973018755454,0.9591590415695563,0.9673344694094629,0.3702808206912882,0.7,"{0.2: 0.774262104772158, 0.3: 0.9034310134029576, 0.4: 0.921760589336956, 0.5: 0.9300756055951058, 0.6: 0.9344488958274945, 0.7: 0.9349910410434514, 0.8: 0.9279019344172255}"
139,7.346554774059796e-05,4.412675571441651,2.030699062347412,0.3926825255155563,5,0.3713567839195979,0.12115671944159728,0.9362620509064055,0.6501895803326386,0.9599212045808253,0.9678343992136313,0.3614458856915445,0.7,"{0.2: 0.8095718337246133, 0.3: 0.9076097395984744, 0.4: 0.9240543672587319, 0.5: 0.9320667458760695, 0.6: 0.9356886726655329, 0.7: 0.9362620509064055, 0.8: 0.929324988595087}"
144,3.88492966905711e-05,4.3661620140075685,2.0076241493225098,0.3940575420856476,5,0.3487437185929648,0.11797603792869128,0.937044485830023,0.6522286987778356,0.9603380370419902,0.9678757874640791,0.3552894501502138,0.7,"{0.2: 0.8396949241836589, 0.3: 0.9115953480361111, 0.4: 0.9265840284599037, 0.5: 0.933722161635314, 0.6: 0.9365870462999596, 0.7: 0.937044485830023, 0.8: 0.9304706741361886}"
149,1.5357968331482925e-05,4.40558614730835,2.023471307754517,0.40162752866744994,5,0.3261306532663316,0.11511510343123706,0.9379176510966902,0.7009782889621131,0.9607041656632043,0.9766901928996043,0.3448551535113998,0.6,"{0.2: 0.8652655863273472, 0.3: 0.9149764343642787, 0.4: 0.9287608568470992, 0.5: 0.935355170835356, 0.6: 0.9379176510966902, 0.7: 0.9376747537460366, 0.8: 0.9313374885518046}"
154,5.2910575568299456e-06,4.403251838684082,2.019405889511108,0.40567746758461,5,0.3035175879396984,0.11250942276838498,0.9389065149162727,0.7058519094766184,0.9612682972070405,0.9765032503688388,0.3380645019089902,0.6,"{0.2: 0.8799750692488618, 0.3: 0.9180353825913138, 0.4: 0.9306008037978716, 0.5: 0.9367799497860622, 0.6: 0.9389065149162727, 0.7: 0.9384153372917877, 0.8: 0.9320676720590972}"
159,0.00029536601626647306,4.4053980827331545,2.0311773777008058,0.39596840739250183,5,0.2809045226130653,0.11014200880741462,0.9402405919060266,0.7118321456855005,0.9621142009748836,0.9766337357812526,0.32922681943839566,0.6,"{0.2: 0.887310347640133, 0.3: 0.9205482860780216, 0.4: 0.9321850781533968, 0.5: 0.9378092073244009, 0.6: 0.9402405919060266, 0.7: 0.9397274342813444, 0.8: 0.9331246699340335}"
164,0.0002770383690115472,4.42608528137207,2.0218929052352905,0.42898616194725037,5,0.2582914572864321,0.10801130399490014,0.9411282570394118,0.7154078321013626,0.9626792932604528,0.9767464885883257,0.32326799920768007,0.6,"{0.2: 0.8923717561136726, 0.3: 0.9227615924843321, 0.4: 0.9335696408898735, 0.5: 0.9384018386181873, 0.6: 0.9411282570394118, 0.7: 0.9405377672600906, 0.8: 0.9344123634509864}"
169,0.0002465200384879317,4.383752918243408,2.0390681266784667,0.3765395522117615,5,0.235678391959799,0.10595284688931245,0.9423178415938768,0.7191104876810059,0.9634156095326063,0.9769200031695564,0.3149474264206417,0.6,"{0.2: 0.8963838589821487, 0.3: 0.925532531727431, 0.4: 0.9350126820388268, 0.5: 0.9396334426633683, 0.6: 0.9423178415938768, 0.7: 0.9410556642863827, 0.8: 0.9359937106588665}"
174,0.00020679837152099,4.4238334655761715,2.0451623439788817,0.3945248246192932,5,0.2130653266331658,0.10405334257162534,0.9433887495742735,0.722904379089656,0.9640877505320731,0.9768371734898434,0.3078691962117831,0.6,"{0.2: 0.9014241798583259, 0.3: 0.9272486239346873, 0.4: 0.9364665118223005, 0.5: 0.9416812945998922, 0.6: 0.9433887495742735, 0.7: 0.9419052772171788, 0.8: 0.9372694286895685}"
179,0.00016176160163057374,4.3518373489379885,2.014944052696228,0.3712888717651367,5,0.1904522613065326,0.10234462125943257,0.9447486900392048,0.7271708987713061,0.9650417676593577,0.9775745744110654,0.30061405867064084,0.6,"{0.2: 0.9055885927140884, 0.3: 0.9295093325269382, 0.4: 0.938261756601187, 0.5: 0.9431889760076513, 0.6: 0.9447486900392048, 0.7: 0.9432131577085002, 0.8: 0.9384586484777878}"
184,0.00011581824164318389,4.325488090515137,1.9992721796035766,0.3692842125892639,5,0.1678391959798995,0.10076824671182877,0.9459296351465685,0.7327603738282604,0.9658039255205463,0.978039563592223,0.2900694033201909,0.6,"{0.2: 0.9094889147275035, 0.3: 0.9312574610464918, 0.4: 0.9393357850178211, 0.5: 0.9444234376133449, 0.6: 0.9459296351465685, 0.7: 0.9442136442853732, 0.8: 0.9395785989970343}"
189,7.346554774059796e-05,4.286562585830689,1.9975998163223267,0.3376657485961914,5,0.14522613065326628,0.09937769422928493,0.9467949137823962,0.7372836629234271,0.9664291930548262,0.9786670255399383,0.285380934002124,0.6,"{0.2: 0.9128107137771136, 0.3: 0.9326471459653308, 0.4: 0.9408309855616233, 0.5: 0.9458780587730163, 0.6: 0.9467949137823962, 0.7: 0.9454233845637009, 0.8: 0.9412292153175508}"
194,3.88492966905711e-05,4.37300672531128,2.009943890571594,0.3993519365787506,5,0.12261306532663319,0.09805331188134658,0.947637151737714,0.7399514843373941,0.96713763379845,0.9793213791244759,0.28039231601445586,0.6,"{0.2: 0.9155489873074537, 0.3: 0.9344592819877509, 0.4: 0.9419273503137767, 0.5: 0.9472269124728445, 0.6: 0.947637151737714, 0.7: 0.9463848204992809, 0.8: 0.9422294505861515}"
199,1.5357968331482925e-05,4.300325155258179,1.9960739135742187,0.34876640439033507,5,0.09999999999999998,0.09684493602850498,0.9489651853040059,0.7445935282200378,0.9681887222822656,0.9805442401127107,0.27113593573975087,0.6,"{0.2: 0.9180347357397799, 0.3: 0.9359105695439984, 0.4: 0.9436033945477927, 0.5: 0.9480895299260153, 0.6: 0.9489651853040059, 0.7: 0.9475036058066428, 0.8: 0.9432769674666062}"
0,9.999999999999999e-05,2.9391993999481203,1.4030238032341003,0.27665671743452547,1,1.0,0.408795680755224,0.8178939039451066,0.3352598017787952,0.8836508370509362,0.859926622970203,1.325875011279232,0.6,"{0.2: 0.13203525992091306, 0.3: 0.132027778863147, 0.4: 0.17167428094106166, 0.5: 0.614284010234236, 0.6: 0.8178939039451066, 0.7: 0.7002857687595379, 0.8: 0.30929610656181433}"
0,9.999999999999999e-05,2.9391993999481203,1.4030238032341003,0.27665671743452547,1,1.0,0.408795680755224,0.8178939039451066,0.3352598017787952,0.8836508370509362,0.859926622970203,1.325875011279232,0.6,"{0.2: 0.13203525992091306, 0.3: 0.132027778863147, 0.4: 0.17167428094106166, 0.5: 0.614284010234236, 0.6: 0.8178939039451066, 0.7: 0.7002857687595379, 0.8: 0.30929610656181433}"
0,9.999999999999999e-05,2.9359442591667175,1.4037013471126556,0.2770453684031963,1,1.0,0.40851553892477965,0.8166754972611623,0.33253675001063016,0.8827117790512145,0.8627201969123275,1.3524587953619647,0.6,"{0.2: 0.13203002759244842, 0.3: 0.13202814370406024, 0.4: 0.17342102264054537, 0.5: 0.6183288484992548, 0.6: 0.8166754972611623, 0.7: 0.7009387096354149, 0.8: 0.3176947325177513}"
